dialog_node,node_detail,text,parent,condition
0,0,지금까지 동원몰 인공지능 상담사였습니다!  더 나은 동원몰이 되겠습니다. 즐거운 쇼핑되세요~ 감사합니다.,default,END
1,0,고객님 죄송합니다 저의 답변에 많이 실망하셨나요?<br>베타 서비스 기간 열심히 학습해서 고객님께 더욱 유용한 서비스로 곧 찾아뵙겠습니다.,default,END
1,0,고객님 저의 답변에 많이 실망하셨죠? 죄송합니다<br>열심히 학습해서 고객님께 만족스러운 답변을 드릴 수 있도록 노력하겠습니다.,default,END
2,0,아직은 공부해야 될 부분이 많지만 최선을 다하고 있어요!<br>지켜봐 주세요,default,seq
2,0,아직은 학습해야 할 내용이 많지만 열심히 노력하고 있답니다!<br>기대해주세요~,default,seq
2,0_0,지금까지 동원몰 인공지능 상담사였습니다!  더 나은 동원몰이 되겠습니다. 즐거운 쇼핑되세요~ 감사합니다.,default,END
3,0,고객님이 웃으시니 저도 행복하네요!,default,END
3,0,고객님이 웃으시니 저도 웃음이 나네요!,default,END
3,0,웃으면 복이 온대요!,default,END
3,0,미소가 참 아름다우시네요~,default,END
3,0,웃으니까 훨씬 더 멋지세요!,default,END
3,0,고객님이 웃으시니 저도 기분이 좋아요~,default,END
4,0,괜찮아요 고객님!,default,END
4,0,괜찮습니다 고객님~,default,END
4,0,그럴수도 있죠! 괜찮답니다.,default,END
5,0,감사합니다 고객님!<br> 더 열심히 할게요! 지켜봐주세요~,default,END
5,0,감사해요 고객님~<br> 더 열심히 배우겠습니다!,default,END
5,0,감사합니다 고객님!<br> 더 나은 서비스로 찾아뵐게요~,default,END
6,0,그러세요?<br>제가 무엇을 도와드리면 좋을까요? 말씀해주세요~,default,END
6,0,그러시군요~<br>제가 무엇을 도와드리면 좋을까요? 말씀해주세요~,default,END
7,0,고객님이 기분 좋으시면 저도 좋아요!,default,END
7,0,저두요! ^____^,default,END
7,0,고객님이 기분 좋으시면 저도 좋답니다~,default,END
8,0,아직은 조금 어렵네요...<br>제가 더 열심히 학습할게요!,default,seq
8,0,네 아직은 조금 어려워요...<br>앞으로 더 열심히 학습해야겠어요!,default,seq
8,0_0,지금까지 동원몰 인공지능 상담사였습니다!  더 나은 동원몰이 되겠습니다. 즐거운 쇼핑되세요~ 감사합니다.,default,END
9,0,네 고객님!<br>푸디가 도와드릴게요~<br>문의가 있으신 경우 말씀해주세요.,default,END
9,0,고객님을 도와드리기 위해 푸디가 달려갈게요!<br>도움이 필요하신 부분을 말씀해주세요.,default,END
9,0,넵 푸디 여기 있습니다!<br>도움이 필요하신 부분을 말씀해주세요.,default,END
10,0,네! ^_____^<br>다른 문의가 있으시면 저에게 말씀해주세요.,default,END
10,0,네! ^_____^<br>다른 도움이 필요하시면 저에게 말씀해주세요.,default,END
10,0,네! ^_____^<br>문의가 더 있으시다면 저에게 말씀해주세요.,default,END
11,0,고객님 뭘 좀 아시는군요!<br>^_____^,default,END
11,0,맞아요! 정말 그래요!,default,END
12,0,떴다 떴다 비행기~<br>날아라 날아라~<br>여기까지만 할게요!<br>부끄럼이 많아서...,default,END
12,0,고객님 제가 타고난 음치라서요...<br>다음에 연습하고 불러드릴게요!,default,END
12,0,고객님 제가 수줍음이 많아서요...<br>노래부르기 대신 고객님의 문의에 답변해드릴게요!,default,END
13,0,"고객님 모바일쿠폰에 대해 문의주셨네요~ <br>제가 바로 답변해드리고 싶지만, 인공지능인 저에겐 아직 조금 어려운 내용이네요~ <br> 해당 상품페이지의 상품Q&A 또는 1:1맞춤상담 게시판에 문의글을 남겨주시거나, 동원몰 고객센터 1588-3745로 연락주시면 전문 상담원이 도와드리겠습니다!",default,END
14,0,주소를 몰라도 선물하기 뚝딱!<br>간편하게 모바일로 선물할 수 있는 기프티모아 동원 선물세트★<br>기프티모아 단독특가 상품을 구입하시면 15% 적립금 돌려 드림~,default,seq
14,0_0,"아래 버튼을 클릭하시면 동원 선물세트 기프티모아 페이지로 이동합니다!<br>이번 추석에는 쉽고 빠른 기프티모아로 사랑을 널리 널리 퍼트려보아요♡<br><a href='javascript:window.parent.postMessage(\""http://www.dongwonmall.com/display/plan.do?seq=00000000877\"",\""*\"")'><button class=\""ext_btn\"" type=\""button\"">기프티모아 선물하기!</button></a>",default,END
15,0,"회원정보변경을 원하시나요?<br> 동원몰 메인 페이지 상단의 [MY동원몰]을 클릭해주세요.<br>[MY동원몰] 페이지로 이동하신  후 좌측 메뉴 [회원정보 관리]에서 수정을 원하시는 메뉴를 선택해주세요.<br>해당 항목 수정하신 후<br>[저장]버튼을 클릭해주시면 완료됩니다.<br>단, 회원 ID는 변경하실 수 없습니다.<br><br><a href='javascript:window.parent.postMessage(""https://www.dongwonmall.com/mypage/main.do"",""*"")'>
<button class=""ext_btn"" type=""button"">MY 동원몰</button></a>",default,END
16,0,"고객님<br>주민등록증의 이름이 변경된 경우 재가입하실 필요 없으며 동원몰 고객센터 1:1 맞춤상담이나 콜센터 1588-3745로 <font style=""color:red"">개명되신 성함</font>과 <font style=""color:red"">주민등록증 발급일자 8자리</font>를 알려주시면 본인 확인 과정을 거쳐 수정해드립니다.<br><br><a href='javascript:window.parent.postMessage(""http://www.dongwonmall.com/customer/counsel.do"",""*"")'>
<button class=""ext_btn"" type=""button"">고객센터 - 1:1 맞춤상담</button></a>",default,END
17,0,"고객님 광고메일 수신을 원치 않으실 경우, 로그인 후 [My 동원몰 - 개인정보변경] 페이지에서 설정을 하실 수 있습니다.<br>기본 정보 입력란의 메일수신여부 항목에서 '수신하지않음'으로 변경하시면 더 이상 정보메일을 보내드리지 않습니다.<br><br><a href='javascript:window.parent.postMessage(""https://www.dongwonmall.com/mypage/member/myInfo.do"",""*"")'>
<button class=""ext_btn"" type=""button"">MY 동원몰 - 개인정보변경</button></a>",default,END
18,0,"고객님 아래의 버튼을 클릭하시면 회원 등급조건과 등급별 혜택을 확인하실 수 있는 페이지로 이동합니다!<br><br><a href='javascript:window.parent.postMessage(""http://www.dongwonmall.com/benefit/member.do"",""*"")'>
<button class=""ext_btn"" type=""button"">회원 등급 보러가기</button></a>",default,seq
18,0_0,또는 확인하시고 싶은 등급을 입력창에 입력해주시면 해당 등급의 등급조건과 등급혜택을 안내해드려요~,default,END
19,0,고객님 동원몰 회원등급 중 최고 등급은 'PREMIUM 프리미엄'입니다.,default,seq
19,0_0,"아래의 버튼을 클릭하시면 회원 등급조건과 등급별 혜택을 확인하실 수 있는 페이지로 이동합니다!<br><br><a href='javascript:window.parent.postMessage(\""http://www.dongwonmall.com/benefit/member.do\"",\""*\"")'>\n<button class=\""ext_btn\"" type=\""button\"">회원 등급 보러가기</button></a>",default,END
20,0,고객님 동원몰 회원등급 중 제일 낮은 등급은 'FAMILY 패밀리' 입니다.,default,seq
20,0_0,"아래의 버튼을 클릭하시면 회원 등급조건과 등급별 혜택을 확인하실 수 있는 페이지로 이동합니다!<br><br><a href='javascript:window.parent.postMessage(\""http://www.dongwonmall.com/benefit/member.do\"",\""*\"")'>\n<button class=\""ext_btn\"" type=\""button\"">회원 등급 보러가기</button></a>",default,END
21,0,동원몰 회원이 되시면 정말 많은 혜택을 누리실 수 있어요~<br>지금 바로 신규 가입하시면 쇼핑지원금 2천원 + 동원상품 10% 할인쿠폰을 드리구요~ <br>첫 구매하시면 10% 할인 슈퍼쿠폰을 또 드려요~,default,seq
21,0_0,"아래의 버튼을 클릭해보세요!<br> 동원몰 회원혜택에 대한 상세 안내페이지로 이동합니다.<br><br><a href='javascript:window.parent.postMessage(\""http://www.dongwonmall.com/benefit/member.do\"",\""*\"")'>\n<button class=\""ext_btn\"" type=\""button\"">회원혜택 보러가기</button></a>",default,END
22,0,"동원몰을 떠나시려고 하시나요? <br> 정말 아쉽습니다..<br> 회원탈퇴를 원하시면 먼저 로그인 후<br>[MY동원몰]에 들어가셔서 좌측 ‘회원정보 관리’ 메뉴 중 맨 마지막에 있는 [회원탈퇴]를 클릭하시면 됩니다. <br> 회원탈퇴 시 유의할 점을 알려드릴까요? ""<button class=""dial_btn f"">네</button><button class=""dial_btn"">아니오</button>",default,YNO
22,0-Y,회원탈퇴 시 유의할 점 알려드릴게요!,default,seq
22,0-Y_0,"1) 탈퇴 시, 고객님께서 보유하고 계신 적립금/포인트와 쿠폰은 모두 자동 소멸됩니다. <br> 동원몰의 회원서비스를 더 이상 이용하실 수 없으며, 회원 혜택 또한 받으실 수 없습니다. <br> 모바일 쿠폰의 거래가 있는 경우 고객센터 통해서 탈퇴신청 부탁드리며, 탈퇴신청 사유도 함께 기재부탁드립니다~ <br><br> 2) 진행중인 주문이 있을 경우 탈퇴가 불가능합니다. <br> 해당 주문이 처리 완료된 후에 다시 탈퇴 신청 부탁드립니다.<br><br>3) 탈퇴 후, 고객님의 정보는 전자상거래 소비자보호법에 의거한 동원몰 개인정보보호정책에 따라 관리됩니다.<br><br>4) 탈퇴처리 이후에는 가입기간에 이용하셨던 이벤트를 포함한 모든 내역의 조회, 상담과 제반 서비스(교환/반품/AS)등에 제한이 생길 수 있음을 양지하여 주시기 바랍니다.<br><br>5) 회원탈퇴 후, 3개월 이내 재가입이 불가능하며, 재가입 시에는 신규가입으로 처리됩니다.<br><br>6) 탈퇴 후에는 회원정보 삭제로 인해 작성자 본인을 확인 할 수 없으므로 게시물 삭제 처리가 불가능합니다.<br>삭제를 원하시는 경우에는 먼저 삭제를 완료한 후, 탈퇴를 신청하시기 바랍니다.",default,seq
22,0-Y_1,재가입 관련 유의사항도 설명드릴까요? <br>네 아니오로 말씀해주세요~,default,YNO
22,0-Y_1-Y,재가입 관련 유의사항입니다~,default,seq
22,0-Y_1-Y_0,,default,
22,0-Y_1-N,,default,
22,0-Y_1-O,"네, 아니오가 아닌 다른 답변을 주셨네요! <br>다른 도움이 필요하신가요? 질문해주세요!",default,BACK
22,0-N,그럼 재가입 관련 유의사항을 알려드릴까요? 네 아니오로 말씀해주세요~,default,seq
22,0-N-Y,,,
22,0-N-N,알겠습니다~,default,END
22,0-O,"네, 아니오가 아닌 다른 답변을 주셨네요! <br>다른 도움이 필요하신가요? 질문해주세요!",default,BACK
23,0,"동원몰 ID를 잊으셨나요? <br>아이디 찾기를 이용하시거나 고객센터 1588-3745로 문의주시면 도와드리겠습니다. <br>아이디 찾기 이용 시 휴대폰 본인인증을 통해 웹에서 바로 회원 ID를 확인하실 수 있습니다. <br>아래의 버튼을 클릭하시면 아이디 찾기 페이지로 이동합니다.<br><br><a href='javascript:window.parent.postMessage(""http://www.dongwonmall.com/secure/findId.do"",""*"")'>
<button class=""ext_btn"" type=""button"">아이디 찾기</button></a>",default,END
24,0,"동원몰 비밀번호를 잊으셨나요? <br>비밀번호 찾기를 이용하시거나 고객센터 1588-3745로 문의주시면 도와드리겠습니다. <br>비밀번호 찾기 이용 시 휴대폰 본인인증을 통해 찾으실 수 있습니다.<br><br>아래의 버튼을 클릭하시면 비밀번호 찾기 페이지로 이동합니다.<br><a href='javascript:window.parent.postMessage(""http://www.dongwonmall.com/secure/findPw.do"",""*"")'>
<button class=""ext_btn"" type=""button"">비밀번호 찾기</button></a>",default,END
25,0,"고객님 회원 가입이 안되신다구요?<br> 그렇다면 이미 동원몰 회원이신 경우입니다. <br>먼저 온라인으로 본인의 ID 와 비밀번호를 조회하신 후 회원 가입 여부를 확인해 주세요. <br><br><a href='javascript:window.parent.postMessage(""http://www.dongwonmall.com/secure/findId.do"",""*"")'>
<button class=""ext_btn"" type=""button"">아이디 찾기</button></a><a href='javascript:window.parent.postMessage(""http://www.dongwonmall.com/secure/findPw.do"",""*"")'>
<button class=""ext_btn"" type=""button"">비밀번호 찾기</button></a>",default,seq
25,0_0,"이미 회원으로 가입하신 고객님께서는 기존에 등록하셨던 ID와 비밀번호로 로그인하시면 됩니다.<br>만일 회원가입을 하신 적이 없는데 회원가입이 되지 않으신다면 동원몰 콜센터 1588-3745로 연락주세요.<br>※ 콜센터 운영시간  : AM 09:00 ~ PM 06:00, 점심시간 : PM 12:00 ~ 01:00, 토,일, 공휴일 휴무",default,END
26,0,"고객님 동원몰 회원서비스는 고객님께 보다 안전하고 편리한 서비스를 제공하기 위해 공정거래 위원회가 승인한 표준약관을 사용하고 있습니다.<br> 구체적인 내용을 확인하시고 싶으신가요?<br> 아래의 버튼을 클릭하시면 동원몰 이용약관 전문을 열람하실 수 있습니다.<br><br><a href='javascript:window.parent.postMessage(""http://www.dongwonmall.com/customer/guide.do?num=08"",""*"")'>
<button class=""ext_btn"" type=""button"">동원몰 이용약관</button></a>",default,END
27,0,"고객님 탈퇴했던 아이디로는 재가입이 불가능합니다.<br>재가입하실 경우 신규가입으로 처리되오니 유의해주시기 바랍니다.<br><br>추가 문의사항이 있으실 경우 1:1 맞춤상담에 문의하시면 맞춤 답변을 받으실 수 있습니다.<br><a href='javascript:window.parent.postMessage(""http://www.dongwonmall.com/customer/counsel.do"",""*"")'>
<button class=""ext_btn"" type=""button"">고객센터 - 1:1 맞춤상담</button></a>",default,END
28,0,"고객님 회원탈퇴와 동시에 적립금, 할인쿠폰, 씨앗은 자동 소멸되며 재가입하시더라도 이동 및 복구되지 않습니다.<br>이 점 유의해주시기 바랍니다.<br><br>추가 문의사항이 있으실 경우 1:1 맞춤상담에 문의하시면 맞춤 답변을 받으실 수 있습니다.<br><a href='javascript:window.parent.postMessage(""http://www.dongwonmall.com/customer/counsel.do"",""*"")'>
<button class=""ext_btn"" type=""button"">고객센터 - 1:1 맞춤상담</button></a>",default,END
29,0,"고객님 동원몰 회원제도는 PREMIUM, VIP, GOLD, FAMILY 의 4개 등급으로 나뉘어 회원등급별 혜택이 제공되고 있습니다!<br>상세한 혜택 내용은 아래의 버튼을 클릭하시면 푸짐한 회원 혜택을 확인하실 수 있는 페이지로 이동합니다!<br><br><a href='javascript:window.parent.postMessage(""http://www.dongwonmall.com/benefit/member.do"",""*"")'>
<button class=""ext_btn"" type=""button"">회원 혜택 보러가기</button></a>",default,END
30,0,"동원몰에서만 누리실 수 있는 즐거움! <br>동원F&B의 신제품과 인기상품을 체험해보실 수 있는 이벤트입니다. <br>블로그를 비롯한 SNS를 운영 중이시며, 체험후기를 정성껏 남겨주실 수 있는 동원몰 회원이라면 누구나 응모하실 수 있어요~",default,seq
30,0_0,체험단이벤트 신청 방법에 대해 안내해드릴까요? 네 아니오로 말씀해주세요~,default,YNO
30,0_0-Y,"먼저, 체험단이벤트 페이지로 들어가주세요.<br> 홈페이지 상단의 ‘이벤트’ ? ‘체험단이벤트’를 클릭하시거나<br> 아래의 <체험단이벤트>를 클릭하시면 체험단이벤트 페이지로 이동합니다.<br><br> <a href='http://www.dongwonmall.com/event/eventList.do?E_GBN_CD=01' target=\""_blank\""><체험단이벤트></a>",default,seq
30,0_0-Y_0,"‘진행중 체험단이벤트’를 클릭해주세요. <br>해당 체험단이벤트 페이지에서 응모기간과 제품정보, 당첨발표일을 꼼꼼히 확인하신 후, 하단의 댓글 작성란에 댓글로 체험단 신청을 해주시면 됩니다.<br> # 블로그 또는 SNS 주소를 기재하여 신청해주세요.<br> 블로그 또는 SNS 주소가 없을 시 체험단에서 제외될 수 있습니다. <br>본인 블로그 또는 SNS가 아닐 시 체험단에서 제외될 수 있습니다. <br># 댓글 삭제 시 응모가 취소되오니 유의하시기 바랍니다",default,seq
30,0_0-Y_1,당첨자 발표는 동원몰 홈페이지 ‘이벤트’ ? ‘당첨자발표’ 게시판에서 확인하실 수 있습니다. <br>당첨자분께는 SMS문자발송으로도 안내해드립니다. <br>당첨자께서 기간 내에 배송비를 결제완료해주시면 체험단 상품을 배송해드립니다. <br>체험단 상품을 수령하시고 블로그를 비롯한 SNS 채널에 체험후기를 사진과 함께 정성껏 남겨주시면 됩니다.,default,END
30,0_0-N,알겠습니다~,default,END
30,0_0-O,"네, 아니오가 아닌 다른 답변을 주셨네요! <br>다른 도움이 필요하신가요? 질문해주세요!",default,BACK
31,0,고객님 체험단 당첨되셨군요! 축하드립니다!  <br>개별적으로 안내된 배송비 입금 기간 내 배송비 결제완료하셨나요? 네 아니오로 말씀해주세요~,default,YNO
31,0-Y,"배송비 결제까지 완료하셨는데 체험단 상품을 아직 받지 못하셨군요! <br>죄송합니다. <br>제가 지금 바로 처리해드리고 싶지만, 인공지능인 저에겐 아직 조금 어려워요. <br> 동원몰 고객센터 1588-3745로 연락주시면 전문 상담원이 도와드리겠습니다!",default,END
31,0-N,"고객님 죄송하지만, 기한내에 배송료를 결제 하셔야지만 출고가 가능합니다.<br>'이벤트'-'당첨자 발표'란에서 배송료 결제 기한을 확인하신후 배송료 결제 기한이 지나지 않았다면, 페이지 내의 링크 통해서 배송료를 결제해주시고<br>만약 배송료 결제기한이 지났다면, 이미 전산 처리 및 출고 처리가 완료되어 별도 처리가 불가능합니다. <br>도움을 드리지 못해 죄송합니다. <br>다음 기회에 꼭~ 체험단 상품 만나뵐 수 있었으면 좋겠네요!",default,END
31,0-O,"네, 아니오가 아닌 다른 답변을 주셨네요! <br>다른 도움이 필요하신가요? 질문해주세요!",default,BACK
32,0,고객님 체험단 당첨되셨군요! 축하드립니다! <br>체험단 제품 수령에 필요한 배송비를 씨앗으로 교환한 배송비 할인쿠폰으로 결제할 수 있는지 문의주셨네요.,default,seq
32,0_0,"죄송하지만 체험단 배송비 결제는 배송비 쿠폰으로는 결제가 되지 않습니다. <br>체험단 배송비는 카드결제 혹은 무통장입금, 실시간 계좌이체 결제만 가능합니다. <br>이점 양해 부탁드립니다.",default,END
33,0,"고객님 체험단이벤트 당첨되셨나요? 당첨을 축하드립니다~<br>당첨 결과 및 세부 내용은 아래의 '당첨자발표 보러가기'를<br>클릭하시면 당첨 결과 페이지로<br>이동합니다!<br><br><a href=""javascript:window.parent.postMessage('http://www.dongwonmall.com/event/winList.do','*')"">'당첨자발표 보러가기'</a>",default,END
34,0,"고객님 일반적으로 당첨 경품의 제세공과금을 입금마감일까지 입금하시면 입금 마감 익일에 경품이 배송되며, 자세한 사항은 당첨자 안내 시 게재됩니다.<br>경품은 응모 시 회원정보의 자택 주소지로 배송되며, 이메일이 발송되는 경우에도 기본 정보상에 입력하신 메일주소로 발송되오니 평상시 연락처, 주소, 이메일 주소 등의 회원정보를 정확히 업데이트하여 주시기 바랍니다. 또한 메일수신 여부에 동의 체크해주세요!",default,seq
34,0_0,"구매고객 당첨 경품일 경우 경품을 받은 이후에 구매하신 상품을 취소하시면 경품을 회수하며, 비정상적인 주문취소가 있을 경우에는 본인 확인절차 없이 경품당첨을 취소 처리합니다.<br><br>추가 문의사항이 있으실 경우 1:1 맞춤상담에 문의하시면 맞춤 답변을 받으실 수 있습니다.<br><a href='javascript:window.parent.postMessage(\""http://www.dongwonmall.com/customer/counsel.do\"",\""*\"")'>\n<button class=\""ext_btn\"" type=\""button\"">고객센터 - 1:1 맞춤상담</button></a>",default,END
35,0,"고객님 동원몰에서 진행 중인 이벤트에 대해서 안내해드릴게요!<br> 아래 버튼을 클릭하시면 모든 이벤트를 한 눈에 보실 수 있는 페이지로 이동합니다!<br><br><a href='javascript:window.parent.postMessage(""http://www.dongwonmall.com/event/eventList.do?E_GBN_CD=03"",""*"")'>
<button class=""ext_btn"" type=""button"">이벤트 보러가기</button></a>",default,END
36,0,"고객님 GNC골드카드는 GNC KOREA에서 이용할 수 있는 멤버십카드로, GNC를 사랑해주시는 고객님께 드리는 감사의 마음입니다!<br>온ㆍ오프라인 동시에 사용 가능하며, 가입 선물과 함께 바로 할인 혜택을 누리실 수 있습니다.",default,seq
36,0_0,"<button class=\""dial_btn\"">GNC 골드카드 가입 방법 안내</button><button class=\""dial_btn\"">GNC 골드카드 이용 관련 안내</button><button class=\""dial_btn\"">GNC 골드카드 인증 안내</button><button class=\""dial_btn\"">GNC 골드카드 갱신 안내</button><button class=\""dial_btn\"">GNC 골드카드 혜택 안내</button>",default,END
37,0,"GNC골드카드는 오프라인 전문매장과 동원몰 GNC전문관에서 가입, 발급하실 수 있습니다.<br> 동원몰에서 GNC골드카드 신규가입 또는 갱신 시, 골드카드를 장바구니에 넣고 제품을 함께 결제하시면 골드회원 혜택가로 바로 구매 가능하십니다.",default,seq
37,0_0,"<font style=\""color:red\"">로그인 후</font> 아래의 버튼을 클릭하시면 가입 페이지로 이동합니다.<br><br><a href='javascript:window.parent.postMessage(\""http://www.dongwonmall.com/mypage/gncgoldcard/gncGoldCard.do?view=NEW\"",\""*\"")'>\n<button class=\""ext_btn\"" type=\""button\"">GNC골드카드 가입</button></a>",default,END
38,0,"GNC골드카드 갱신(재가입) 회원님을 위해 가입비를 40% 할인해드려요!<br> 12,000원으로 GNC골드카드 회원만의 특별한 혜택을 계속 누리세요~",default,seq
38,0_0,"<font style=\""color:red\"">로그인 후</font> 아래의 버튼을 클릭하시면 갱신 페이지로 이동합니다.<br><br><a href='javascript:window.parent.postMessage(\""http://www.dongwonmall.com/mypage/gncgoldcard/gncGoldCard.do?view=REJOIN\"",\""*\"")'>\n<button class=\""ext_btn\"" type=\""button\"">GNC골드카드 갱신</button></a>",default,END
39,0,GNC골드카드 신규 발급 후 인증까지 마치시면 동원몰에서 GNC골드카드 회원 혜택가로 바로 주문 가능합니다!<br>또한 GNC오프라인 매장에서도 사용 가능합니다.,default,END
40,0,GNC골드카드 회원으로 가입하신<br>고객님께서는 GNC골드카드 인증을 통해 동원몰에서 GNC골드카드 혜택을 받으실 수 있습니다.,default,seq
40,0_0,"<font style=\""color:red\"">로그인 후</font> 아래의 버튼을 클릭하시면 인증 페이지로 이동합니다.<br><br><a href='javascript:window.parent.postMessage(\""http://www.dongwonmall.com/mypage/gncgoldcard/gncGoldCard.do?view=AUTH\"",\""*\"")'>\n<button class=\""ext_btn\"" type=\""button\"">GNC골드카드 인증</button></a>",default,END
41,0,"1. GNC골드카드 가입 시, 첫 구매부터 골드카드 유효일 내 GNC 전 제품 20% 할인혜택을 받으실 수 있습니다.<br>2. 매월 7일 동안(1일~7일) 진행되는 골드데이 이벤트 기간에는 GNC의 모든 제품이 20% 할인될 뿐 아니라 골드데이 품목에 한해 추가 할인이 진행됩니다.",default,seq
41,0_0,"3. 이벤트(특가할인, 적립금 추가 등) 참여를 통하여 추가 혜택을 받으실 수 있습니다.<br>4. 매달 건강정보와 골드데이 이벤트를 안내하는 정보지를 우편으로 보내드립니다.",default,END
42,0,고객님께서 작성해주신 소중한 상품평은 다른 고객님들께 참고가 되는 동원몰의 귀중한 자산입니다~ <br>상품평을 작성하신 고객님께는 배송비 할인쿠폰으로 교환할 수 있는 동원몰 포인트 ‘씨앗’을 드려요~,default,seq
42,0_0,"일반상품평 작성시 → 100개 <br> 첫 사진상품평(해당 상품의 상품평중 처음으로 등록 해주신 분) 작성시 → 500개 <br> 사진상품평 작성시 → 300개를 드립니다. <br> # 상품평은 등록 즉시 동원몰 사이트에 게재되며, 모두 공개를 원칙으로 합니다. <br> 게시된 상품평의 저작권은 동원몰에 귀속됩니다. <br> 상품평에 적합하지 않은 내용, 미풍양속을 해치는 글, 특정 성분에 관한 효능이 있어 오해의 소지가 있는 내용은 통보 없이 삭제될 수 있습니다. <br> # 불량 상품평으로 3개월 동안 3회 신고 접수 된 경우와 작성하신 상품평을 최근 1개월 동안 3회 삭제하신 경우 상품평 작성 권한이 제한되므로, 유의하시기 바랍니다.",default,END
43,0,고객님 현금성 결제수단으로 결제하신 주문에 한해 현금영수증을 신청하실 수 있습니다.<br>현금성 결제수단으로는 실시간계좌이체/무통장입금이 있습니다.,default,END
44,0,"현금영수증은 현금영수증 발급대상 상품을 1원이상 현금성 결제수단으로 주문하신 건에 대하여 발급이 가능합니다. <br>주문서 작성 페이지에서 위 신청요건을 만족하는 경우 현금영수증 신청부분이 생성됩니다.<br><br>추가 문의사항이 있으실 경우 1:1 맞춤상담에 문의하시면 맞춤 답변을 받으실 수 있습니다.<br><a href='javascript:window.parent.postMessage(""http://www.dongwonmall.com/customer/counsel.do"",""*"")'>
<button class=""ext_btn"" type=""button"">고객센터 - 1:1 맞춤상담</button></a>",default,END
45,0,"발급 받으신 현금영수증은 따로 보관하실 필요가 없습니다.<br>단, 신청하신 현금영수증을 출력하려 하시는 경우 동원몰에 로그인 후 [My 동원몰 - 증빙서류발급] 현금영수증을 출력 하실 수 있으며 발행시점은 발송완료 이후 입니다.<br><br><a href='javascript:window.parent.postMessage(""http://www.dongwonmall.com/mypage/myorder/myOrderPaper.do"",""*"")'>
<button class=""ext_btn"" type=""button"">MY 동원몰 - 증빙서류 발급</button></a>",default,seq
45,0_0,"현금영수증 사용내역은 전산으로 수록되어 현금영수증 홈페이지(httr://현금영수증.kr)에서 3개월간의 사용내역(일자,상호,금액 등) 및 1년간의 월별 사용내역을 확인할 수 있으므로 내역확인이 되면 보관하실 필요는 없습니다.<br>현금영수증 홈페이지(http://현금영수증.kr)에서 결제일 또는 등록일 다음날 9시부터 조회됩니다.<br><br>추가 문의사항이 있으실 경우 1:1 맞춤상담에 문의하시면 맞춤 답변을 받으실 수 있습니다.<br><a href='javascript:window.parent.postMessage(\""http://www.dongwonmall.com/customer/counsel.do\"",\""*\"")'>\n<button class=\""ext_btn\"" type=\""button\"">고객센터 - 1:1 맞춤상담</button></a>",default,END
46,0,"고객님 주문자의 주민등록번호(법인회원의 경우, 사업자등록번호)를 기준으로 현금영수증을 발급해드립니다.<br> 타인 명의로는 발행이 불가합니다.<br><br>추가 문의사항이 있으실 경우 1:1 맞춤상담에 문의하시면 맞춤 답변을 받으실 수 있습니다.<br><a href='javascript:window.parent.postMessage(""http://www.dongwonmall.com/customer/counsel.do"",""*"")'>
<button class=""ext_btn"" type=""button"">고객센터 - 1:1 맞춤상담</button></a>",default,END
47,0,"고객님 세금계산서와 신용카드매출전표, 현금영수증 중 한가지만 발행됩니다.<br>아래와 같은 [세금계산서 교부의무의 면제 등] 부가가치세법 규정에 의거하여 신용카드로 결제하신 고객님께서는 신용카드매출전표만 출력이 가능합니다.<br><br>사업자가 재화 또는 용역을 공급하고 부가가치세법시행령 제32조의 2 제1항의 규정에 의한 신용카드매출전표 등을 교부한 경우, 부가가치세법시행령 제57조 제2항의 규정에 의하여 세금계산서를 교부하지 아니한다.<br><br>즉, 신용카드로 결제하신 경우 신용카드매출전표 출력만 가능하며 세금계산서는 신청 및 발급이 되지 않습니다.<br><br>추가 문의사항이 있으실 경우 1:1 맞춤상담에 문의하시면 맞춤 답변을 받으실 수 있습니다.<br><a href='javascript:window.parent.postMessage(""http://www.dongwonmall.com/customer/counsel.do"",""*"")'>
<button class=""ext_btn"" type=""button"">고객센터 - 1:1 맞춤상담</button></a>",default,END
48,0,"고객님 세금계산서는 주문완료 후 [MY 동원몰 - 증빙서류 발급] 페이지에서 신청가능합니다.
 비회원은 동원몰 고객센터로 문의해주세요.<br><br><a href='javascript:window.parent.postMessage(""http://www.dongwonmall.com/mypage/myorder/myOrderPaper.do"",""*"")'>
<button class=""ext_btn"" type=""button"">MY 동원몰 - 증빙서류 발급</button></a>",default,END
49,0,"결제총액으로 발행되며 할인쿠폰에 의한 할인금액과 배송비는 제외 됩니다.<br>
적립금으로 결제한 금액은 포함됩니다. <br><br>추가 문의사항이 있으실 경우 1:1 맞춤상담에 문의하시면 맞춤 답변을 받으실 수 있습니다.<br><a href='javascript:window.parent.postMessage(""http://www.dongwonmall.com/customer/counsel.do"",""*"")'>
<button class=""ext_btn"" type=""button"">고객센터 - 1:1 맞춤상담</button></a>",default,END
50,0,"고객님 동원몰 상품의 공급자는 ㈜동원F&B 입니다.<br><br>추가 문의사항이 있으실 경우 1:1 맞춤상담에 문의하시면 맞춤 답변을 받으실 수 있습니다.<br><a href='javascript:window.parent.postMessage(""http://www.dongwonmall.com/customer/counsel.do"",""*"")'>
<button class=""ext_btn"" type=""button"">고객센터 - 1:1 맞춤상담</button></a>",default,END
51,0,"고객님 세금계산서 상의 발행일자는<br>- 주문월과 발송월이 동일하면 주문일자로 발행됩니다.<br>- 주문월과 발송월이 다르면 발송완료일자로 발행됩니다.<br>단, 기본 발행일자가 포함된 해당월 내에서는 원하는 발행일자를 고객님께서 선택하실 수 있습니다.<br><br>추가 문의사항이 있으실 경우 1:1 맞춤상담에 문의하시면 맞춤 답변을 받으실 수 있습니다.<br><a href='javascript:window.parent.postMessage(""http://www.dongwonmall.com/customer/counsel.do"",""*"")'>
<button class=""ext_btn"" type=""button"">고객센터 - 1:1 맞춤상담</button></a>",default,END
52,0,"고객님 전자세금계산서 신청은 당월에 발송완료된건에 한하여 가능하며, 매월 말일 오후 3시에 마감합니다.<br>예) 7월 15일 주문 → 7월 31일 오후 3시 신청전 발급 가능, 그 이후 신청건은 발급 불가<br><br>추가 문의사항이 있으실 경우 1:1 맞춤상담에 문의하시면 맞춤 답변을 받으실 수 있습니다.<br><a href='javascript:window.parent.postMessage(""http://www.dongwonmall.com/customer/counsel.do"",""*"")'>
<button class=""ext_btn"" type=""button"">고객센터 - 1:1 맞춤상담</button></a>",default,END
53,0,"고객님 사업자등록증은 필수항목이므로 신청시마다 첨부해주셔야 합니다.<br><br>추가 문의사항이 있으실 경우 1:1 맞춤상담에 문의하시면 맞춤 답변을 받으실 수 있습니다.<br><a href='javascript:window.parent.postMessage(""http://www.dongwonmall.com/customer/counsel.do"",""*"")'>
<button class=""ext_btn"" type=""button"">고객센터 - 1:1 맞춤상담</button></a>",default,END
54,0,"고객님 엽산 등의 비타민 B군 제품, 복합비타민 B군 포뮬라 제품, 비타민 C 제품 등의 경우 섭취 기간 중 색깔이 더 노랗거나 주황색 등으로 변하는 경우가 있습니다.<br>이러한 현상은 수분을 잘 흡수하는 비타민 B군과 비타민C 제품들이 공기중의 습기와 만나 색깔이 짙어지는 것입니다.<br>이러한 경우에 단지 일부 비타민의 특성에 의한 것이므로 제품의 성분상 변질은 전혀 없으며,  정상적으로 섭취를 하는데에도 전혀 무리가 없습니다.<br>공기중에서 갈변된 사과가 성분상 변질이 없는 것과 비슷한 원리입니다.<br>따라서 비타민 B군이나 비타민 C 제품의 경우 습기가 많은 장마철이나 여름에 밀봉에 주의하여 보관해야 합니다.<br>건조하고 서늘한 곳에 보관하며, 지퍼백 등으로 한번 더 밀봉해 주시면 색 변화를 막는데 도움이 됩니다.<br><br>추가 문의사항이 있으실 경우 1:1 맞춤상담에 문의하시면 맞춤 답변을 받으실 수 있습니다.<br><a href='javascript:window.parent.postMessage(""http://www.dongwonmall.com/customer/counsel.do"",""*"")'>
<button class=""ext_btn"" type=""button"">고객센터 - 1:1 맞춤상담</button></a>",default,END
55,0,"고객님 제품은 서늘하고 건조한 곳에서 보관하는 것이 좋습니다.<br>극심한 온도차는 피하되, 특별한 지시사항이 없을 경우에는 냉장 보관할 필요는 없습니다.<br>단, 유산균과 로얄제리 제품의 경우 신선도를 위해서 개봉 후 냉장 보관하는 것이 좋습니다.<br><br>추가 문의사항이 있으실 경우 1:1 맞춤상담에 문의하시면 맞춤 답변을 받으실 수 있습니다.<br><a href='javascript:window.parent.postMessage(""http://www.dongwonmall.com/customer/counsel.do"",""*"")'>
<button class=""ext_btn"" type=""button"">고객센터 - 1:1 맞춤상담</button></a>",default,seq
56,0,"고객님 레시피는 고객님께서 알고 계시는 요리를 올리는 공간으로 동원몰 고객이면 누구나 등록이 가능합니다.<br>레시피를 등록하신 고객님께는 관리자 승인 후 동원몰 적립금 500점을 적립해드리고, 매달 우수 레시피에 선정되는 3분께는 20,000점을 적립해 드립니다.<br>※사진과 글을 포함한 STEP 5 이상 등록 시에만 적립금 지급",default,seq
56,0_0,"동원몰 레시피에는 URL 복사 기능을 제공하고 있습니다. 레시피 페이지 내 단축 URL, 트위터, 페이스북 버튼을 클릭하면 원하는 곳으로 간편하게 복사하실 수 있습니다. <br>레시피에 적합하지 않은 내용, 미풍양속을 해치는 글, 특정 성분에 관한 효능이 있어 오해의 소지가 있는 내용은 통보 없이 삭제될 수 있습니다.<br><br>추가 문의사항이 있으실 경우 1:1 맞춤상담에 문의하시면 맞춤 답변을 받으실 수 있습니다.<br><a href='javascript:window.parent.postMessage(\""http://www.dongwonmall.com/customer/counsel.do\"",\""*\"")'>\n<button class=\""ext_btn\"" type=\""button\"">고객센터 - 1:1 맞춤상담</button></a>",default,END
57,0,"고객님 동원몰 고객센터 전화번호는 1588-3745이고, FAX 번호는 (02) 589-3217입니다.",default,END
58,0,"고객님<br>콜센터 운영시간은 AM 09:00~PM 06:00<br>점심시간 PM 12:00~01:00 이며 토/일/공휴일은 휴무입니다.<br>콜센터 시간 외에는 [고객센터 - 1:1 맞춤상담]을 통해 궁금하신 사항을 확인하시거나 상담을 접수하여 주세요.<br><a href='javascript:window.parent.postMessage(""http://www.dongwonmall.com/customer/counsel.do"",""*"")'>
<button class=""ext_btn"" type=""button"">고객센터 - 1:1 맞춤상담</button></a>",default,seq
58,0_0,"문의하시기 전에 [고객센터 - 자주묻는질문]을 통해 궁금하신 사항을 먼저 확인하신다면 고객님은 센스쟁이! <br><a href='javascript:window.parent.postMessage(\""http://www.dongwonmall.com/customer/faqList.do?BM_IDX=10010&BC_IDX=7&BC_SORT=1\"",\""*\"")'>\n<button class=\""ext_btn\"" type=\""button\"">자주 묻는 질문</button></a>",default,END
59,0,"고객님 죄송합니다.<br>문의가 많아 고객센터 연결이 어려운 상황입니다.<br>동원몰 홈페이지 내 [고객센터 - 1:1맞춤상담] 게시판을 통해서도 문의 가능하시니 이용 부탁드립니다.<br><a href='javascript:window.parent.postMessage(""http://www.dongwonmall.com/customer/counsel.do"",""*"")'>
<button class=""ext_btn"" type=""button"">고객센터 - 1:1 맞춤상담</button></a>",default,END
60,0,"고객님 [MY 동원몰 - 1:1 상담내역]을 클릭하시면 고객님께서 문의하신 모든 내역이 보여집니다. 이곳에서 문의내역을 확인하실 수 있습니다.<br><br><a href='javascript:window.parent.postMessage(""http://www.dongwonmall.com/mypage/my_counsel.do"",""*"")'>
<button class=""ext_btn"" type=""button"">MY 동원몰 - 1:1 상담내역</button></a>",default,END
61,0,"고객님 상품Q&A는 해당 문의 글을 클릭하시면 본인 수정과 삭제가 가능합니다.<br><br>추가 문의사항이 있으실 경우 1:1 맞춤상담에 문의하시면 맞춤 답변을 받으실 수 있습니다.<br><a href='javascript:window.parent.postMessage(""http://www.dongwonmall.com/customer/counsel.do"",""*"")'><button class=""ext_btn"" type=""button"">고객센터 - 1:1 맞춤상담</button></a>",default,END
62,0,고객님 상담원 연결 기능은 아직 지원되지 않습니다.<br>직접 문의를 원하시면 고객센터 1588-3745로 문의 부탁드립니다.,default,seq
62,0,고객님 상담원 연결 기능은 아직 지원되지 않습니다.<br>세부 문의를 하시려면 고객센터 1588-3745로 문의해주세요.,default,seq
62,0_0,"동원몰 홈페이지 내 [고객센터 - 1:1맞춤상담] 게시판을 통해서도 문의 가능하시니 이용 부탁드립니다.<br><a href='javascript:window.parent.postMessage(\""http://www.dongwonmall.com/customer/counsel.do\"",\""*\"")'>\n<button class=\""ext_btn\"" type=\""button\"">고객센터 - 1:1 맞춤상담</button></a>",default,END
63,0,고객님 죄송하지만 지금 바로 처리는 어렵습니다.<br>고객센터 1588-3745로 문의 부탁드립니다.,default,END
64,0,고객님! 푸디는 365일 24시간 고객님과 함께 할거에요~<br>문의가 있으시면 언제든지 저에게 말씀하세요!,default,END
64,0,푸디는 퇴근 시간이 없답니다~<br> 24시간 고객님 곁에 있을게요!<br>문의가 있으시면 언제든지 저에게 말씀하세요!,default,END
64,0,푸디는 365일 24시간 고객님이 찾아오시길 기다릴 거예요~<br>문의가 있으시면 언제든지 저에게 말씀하세요!,default,END
65,0,"고객님 상품에 문제가 있으신가요?<br>대단히 죄송합니다.<br>콜센터 1588-3745로 연락 주시거나, 1:1 맞춤상담 게시판에 접수 부탁드립니다.<br>불편을 끼쳐드려 다시 한 번 죄송합니다.<br><a href='javascript:window.parent.postMessage(""http://www.dongwonmall.com/customer/counsel.do"",""*"")'>
<button class=""ext_btn"" type=""button"">고객센터 - 1:1 맞춤상담</button></a>",default,END
66,0,"고객님께서 문의주신 내용은 아직 서비스가 어렵습니다.<br>고객센터 1588-3745로 문의주시거나, 동원몰 홈페이지 MY동원몰 또는 고객만족센터 - 1:1맞춤상담 게시판에 접수 부탁드립니다.",default,END
67,0,임직원몰은 동원그룹 임직원 회원님들만을 위한 페이지입니다.<br>임직원 인증을 마치시면 바로 이용하실 수 있습니다.<br>인증하시고 임직원 특별 할인가에 득템해가세요~,default,END
68,0,임직원이신가요?<br>먼저 로그인을 해주세요!<br><br>로그인하신 후 PC 화면 우측을 보시면 파란색 '임직원mall' 아이콘이 보이실거에요.<br>클릭하시면 임직원몰로 이동합니다!,default,seq
68,0_0,"모바일의 경우, 로그인하시면 화면 상단 스크롤 메뉴바에 '임직원몰'이 보입니다.<br>스크롤을 움직여 보세요!",default,END
69,0,동원 임직원 고객님께 드리는 혜택!<br>1. 최대 25% 동원몰 평생할인 혜택을 드립니다. (일부상품 제외)<br>2. 매 분기마다 지급되는 임직원 복지포인트를 동원몰에서 현금처럼 사용하실 수 있습니다.<br>3. 동원 제품의 경우 임직원 할인포인트로 10% 추가할인해드립니다. (임직원몰 내 동원제품 구매 시 판매가의 10% 이하로 사용 가능),default,seq
69,0_0,"임직원 복지포인트와 임직원 할인포인트에 대해 더 알고 싶으신가요?<br>아래 버튼을 누르시면 임직원 포인트에 대해 안내해드릴게요!<button class=\""dial_btn f\"">임직원 포인트\n 안내</button>",default,
70,0,"동원 임직원 여러분께 드리는 포인트 혜택으로 임직원 복지포인트와 임직원 할인포인트가 있습니다.<br>궁금하신 내용을 선택해주세요!<button class=""dial_btn f"">임직원 복지포인트
 안내</button><button class=""dial_btn"">임직원 할인포인트 안내</button>",default,ABCD
70,0-A,"임직원 복지포인트는 매 분기(1, 4, 7, 10월) 마다 50,000 포인트씩 지급되며, 법정 생일(주민등록번호 앞자리)이 있는 분기에 50,000 포인트를 추가 지급하여 연간 총 250,000 포인트가 지급됩니다.<br>※ 소속 계열사 정책에 따라 상이할 수 있습니다.",default,seq
70,0-A_0,"복지포인트는 동원몰 일반매장 및 임직원몰 전 상품 구매 시 사용가능합니다.<br>지급된 포인트는 지급년도의 다음해 말일(12월 31일)까지 사용할 수 있으며, 유효기간 경과 시 미사용 포인트는 소멸됩니다.<br>※ 소속 계열사 정책에 따라 상이할 수 있습니다.",default,END
70,0-B,"임직원 할인포인트는 매 분기(1, 4, 7, 10월) 마다 50,000 포인트씩 지급되며, 법정 생일(주민등록번호 앞자리)이 있는 분기에 50,000 포인트를 추가 지급하여 연간 총 250,000 포인트가 지급됩니다.<br>※ 소속 계열사 정책에 따라 상이할 수 있습니다.",default,seq
70,0-B_0,"할인포인트는 임직원몰 내 동원제품 구매 시 판매가의 10% 이하로 사용 가능합니다.<br>지급된 포인트는 지급년도의 다음해 말일(12월 31일)까지 사용할 수 있으며, 유효기간 경과 시 미사용 포인트는 소멸됩니다.<br>※ 소속 계열사 정책에 따라 상이할 수 있습니다.",default,END
71,0,"임직원 복지포인트는 매 분기(1, 4, 7, 10월) 마다 50,000 포인트씩 지급되며, 법정 생일(주민등록번호 앞자리)이 있는 분기에 50,000 포인트를 추가 지급하여 연간 총 250,000 포인트가 지급됩니다.<br>※ 소속 계열사 정책에 따라 상이할 수 있습니다.",default,seq
71,0_0,"복지포인트는 동원몰 일반매장 및 임직원몰 전 상품 구매 시 사용가능합니다.<br>지급된 포인트는 지급년도의 다음해 말일(12월 31일)까지 사용할 수 있으며, 유효기간 경과 시 미사용 포인트는 소멸됩니다.<br>※ 소속 계열사 정책에 따라 상이할 수 있습니다.",default,END
72,0,"임직원 할인포인트는 매 분기(1, 4, 7, 10월) 마다 50,000 포인트씩 지급되며, 법정 생일(주민등록번호 앞자리)이 있는 분기에 50,000 포인트를 추가 지급하여 연간 총 250,000 포인트가 지급됩니다.<br>※ 소속 계열사 정책에 따라 상이할 수 있습니다.",default,seq
72,0_0,"할인포인트는 임직원몰 내 동원제품 구매 시 판매가의 10% 이하로 사용 가능합니다.<br>지급된 포인트는 지급년도의 다음해 말일(12월 31일)까지 사용할 수 있으며, 유효기간 경과 시 미사용 포인트는 소멸됩니다.<br>※ 소속 계열사 정책에 따라 상이할 수 있습니다.",default,END
73,0,"고객님 '임직원 할인 포인트가'는 임직원 판매가에 할인 포인트를 사용하여 추가 할인된 금액을 의미합니다<br>잔여 포인트가 있을 경우 할인이 가능하며, 임직원몰 내 동원제품 구매 시 판매가의 10% 이하로 사용 가능합니다.",default,END
74,0,고객님 임직원 인증은 동원몰 홈페이지 상단 'MY동원몰'<br>클릭하신 후 좌측 메뉴 하단의 '회원정보 관리' → '개인정보변경' 을 클릭하시면 됩니다.,default,seq
74,0_0,"개인정보변경' 페이지 이동 후<br>맨 하단 '동원 임직원정보 입력' 란의 소속사를 선택하시고, 사번까지 입력하신 후 [임직원 인증] 버튼을 누르시면 완료됩니다.",default,END
75,0,저는 사람일까요 기계일까요? <br> 저는 인공지능을 가지고 있고 사람처럼 생각하고 대답할 수 있는 챗봇인데... <br> 저도 헷갈리네요...,default,END
75,0,참 어려운 질문이네요....!<br>좀 더 고민해보고 말씀드릴게요,default,END
76,0,저는 요리하는 걸 좋아해요! <br>가족들에게 맛있는 요리를 먹일 때가 제일 행복하답니다~,default,END
76,0,요리하기! 제 취미는 요리하기랍니다~ <br> 주말에 쿠킹클래스에 참여하기도 하구요~ <br> 먹는 것도 좋아하지만 요리하는 것도 좋아해요,default,END
77,0,제 성격이요? <br> 저처럼 착하고 성격 좋은 챗봇이 있을까요?,default,END
78,0,저는 동원가족과 함께 서울에 살고 있답니다!,default,END
78,0,제 주소는 서울특별시 서초구 양재동... 여기까지만 말씀드릴게요 <br> 나머지는 비밀!,default,END
78,0,저는 대한민국의 수도 서울에 살고 있습니다.,default,END
79,0,고객님이 저의 친구이자 가족이죠!<br>동원몰 가족~♡,default,END
79,0,고객님께서 저의 가족이 되어주시겠어요?<br>동원몰 가족~♡,default,END
80,0,별명이요? 많이 먹는다고 먹보라는 소리는 들어봤는데...,default,END
81,0,저에게 돈은 중요하지 않습니다! <br> 고객님의 사랑만 있다면!,default,END
81,0,쉿! 일급기밀입니다. <br> 말씀드리지 못하는 점 양해부탁드립니다.,default,END
82,0,고객님 오픈베타 서비스란<br>정식 서비스 런칭에 앞서 시행하는 시범 서비스입니다.<br>동원몰을 방문하신 고객이시라면 누구든지 이용하실 수 있습니다.,default,seq
82,0_0,오픈베타 서비스를 통해 인공지능 학습이 지속 진행되오니 많은 관심과 이용 부탁드립니다. 감사합니다!,default,END
83,0,저는 아직 학습 중이라 알파고만큼 똑똑하진 못해요~<br>열심히 배우도록 하겠습니다!,default,END
84,0,고객님 제 생일은 5월 11일입니다!<br>2017년 동원몰에서 태어나 즐겁게 일하고 있어요~,default,END
85,0,저는 동원몰 최초의 인공지능 상담사 푸디랍니다! <br> 맛있고 건강한 동원몰에 대해 무엇이든 물어보시면 <br> 최선을 다해 안내해드릴게요~,default,END
86,0,"고객님 저는 인공지능 중 하나인 'IBM 왓슨'을 기반으로 만들어진 인공지능 챗봇입니다!<br>인공지능은 인간의 지각, 추론, 학습능력 등을 컴퓨터 프로그램으로 실현한 기술입니다.<br>현재는 베타 버전으로 기초적인 문의 서비스만 제공하고 있으나, 학습을 통해 계속 성장할 예정이랍니다.",default,END
87,0,고객님! 제 이름 푸디에는<br>맛있고 건강한 동원몰의 '식품 전문 챗봇'이라는 의미가 담겨져 있답니다~,default,seq
87,0_0,앞으로 식품 전문 챗봇으로서 차별화된 서비스를 제공할 예정입니다! 기대해주세요~,default,END
88,0,저는 잘 지냈어요~<br>공부도 하고 고객님 생각도 하면서요!,default,END
88,0,푸디는 잘 지냈지요~<br>물어봐 주셔서 감사합니다!,default,END
89,0,그런 거 없어요...<br>고객님이 소개시켜 주세요~,default,END
89,0,없어요...<br>고객님이 소개시켜 주시면 되겠네요!,default,END
90,0,여자일까요? 남자일까요? <br> 고객님 생각은 어떠세요?,default,seq
90,0_0,이거 비밀인데.... 사실 저도 잘 몰라요 하하하,default,END
90,0_0,남자든 여자든 뭐가 중요한가요! 일만 잘하면 되죠!,default,END
91,0,챗봇의 나이는 비밀이란 거... 모르세요?,default,END
91,0,나이는 숫자에 불과합니다!,default,END
91,0,고객님과 저 사이에 나이는 아무런 장애가 안된답니다~,default,END
92,0,제가 키는 보통인데 비율이 좋아요 후후,default,END
92,0,비밀이에요~ 안가르쳐주지~,default,END
92,0,보기보다 꽤 크답니다!,default,END
93,0,보기보다 저 가볍답니다~,default,END
93,0,몸무게는 비밀이에요 호호,default,END
94,0,거울한테 물어볼까요? <br> 거울아 거울아~ 어때?,default,END
94,0,잘생기면 어떻고 못생기면 어떻나요~ <br> 일만 잘하면 되지 않을까요?,default,END
94,0,예쁘면 어떻고 못나면 어떻나요~ <br> 일 잘하는 게 최고죠! 그렇죠 고객님?,default,END
95,0,제가 좋아하는 음식은요~ <br>참치가 잔뜩 들어간 칼칼한 김치참치찌개랍니다! <br> 고객님이 제일 좋아하시는 음식은 뭔가요?,default,seq
95,0,제가 즐겨 먹는 음식은요~ <br>리챔이 송송 들어간 리챔볶음밥! <br> 고객님은요?,default,seq
96,0,저는 딱히 가리는 음식이 없는데~ <br> 혹시 고객님은 있으세요? 저에게 알려주세요~,default,seq
96,0,저는 먹성이 좋아서 다 잘 먹어요~ <br> 고객님은요?,default,seq
97,0,동원F&B 본사와 동원몰은 서울 서초구 양재동에 함께 위치해있습니다.,default,END
98,0,"고객님 동원몰에서 진행 중인 기획전에 대해 안내해드릴게요!<br>아래의 버튼을 클릭하시면 모든 기획전을 한 눈에 보실 수 있는 페이지로 이동합니다.<br><a href='javascript:window.parent.postMessage(""http://www.dongwonmall.com/display/planmain.do"",""*"")'>
<button class=""ext_btn"" type=""button"">기획전 보러가기</button></a>",default,END
99,0,아~ 그 친구 제가 잘 알죠! <br>좋은 친구더라구요.<br>그렇지만 동원몰에도 좋은 상품과 혜택이 가득하죠!<br>저희 동원몰과 동원제품도 변함없이 아껴주세요~,default,END
99,0,아~ 그 친구 제가 잘 알죠! <br>괜찮은 친구지요.<br>그렇지만 동원몰에도 좋은 상품과 혜택이 가득하죠!<br>저희 동원몰과 동원제품도 많이 사랑해주세요~,default,END
100,0,고객님 덴마크밀크 배달에 관해 문의주셨나요?<br>네 아니오로 말씀해주세요~,default,YNO
100,0-Y,"고객님 동원F&B 홈페이지에서<br>덴마크밀크 배달 대리점 검색 및<br>가정배달 주문이 가능합니다!<br>동원F&B 홈페이지 주소는<br>www.dongwonfnb.com 입니다.<br>아래 버튼을 클릭하시면 홈페이지로 이동합니다!<br><br><a href='javascript:window.parent.postMessage(\""http://www.dongwonfnb.com/services/index\"",\""*\"")'>\n<button class=\""ext_btn\"" type=\""button\"">동원F&B 홈페이지</button></a>",default,END
100,0-N,알겠습니다~,default,END
100,0-O,제가 잘못 이해했나봐요. <br>다시 한 번 질문해주시겠어요?,default,BACK
101,0,저희 동원몰 고객센터 번호를 알려드릴게요 <br> 1588-3745입니다. <br> 문의가 있으시면 이쪽으로 연락 주시면 됩니다.,default,END
102,0,"동원F&B 홈페이지 주소는<br> www.dongwonfnb.com<br>입니다.<br>아래 버튼을 클릭하시면 홈페이지로 이동합니다!<br><br><a href='javascript:window.parent.postMessage(""http://www.dongwonfnb.com/services/index"",""*"")'>
<button class=""ext_btn"" type=""button"">동원F&B 홈페이지</button></a>",default,END
103,0,"동원몰 홈페이지 주소는<br>http://www.dongwonmall.com<br>입니다.<br>아래 버튼을 클릭하시면 홈페이지로 이동합니다!<br><br><a href='javascript:window.parent.postMessage(""http://www.dongwonmall.com"",""*"")'>
<button class=""ext_btn"" type=""button"">동원몰 홈페이지</button></a>",default,END
104,0,"고객님 동원F&B는 고객 건강에 기여하는 First & Best 식문화 기업입니다! <br> 맛과 건강은 기본, 간편하고 즐거운 식생활을 제안합니다. <br> 고객과의 소통을 통해 더 가치 있는 제품을 연구하고 개발합니다. <br> 앞으로도 국민건강에 기여하는 종합건강식품회사로서 가장 건강한 생활문화를 이끌어가는데 힘쓰겠습니다!",default,END
105,0,고객님 동원F&B 대표이사는<br>김재옥입니다.,default,END
106,0,고객님 동원몰은 동원F&B 직영 온라인 쇼핑몰입니다.<br> 동원 제품은 물론 코스트코와 대형마트의 상품까지 한 번에 만날 수 있는 식품 전문 온라인 쇼핑몰입니다. <br> 동원몰 회원님들께 등급별로 쇼핑지원금과 각종 할인혜택을 지원해 큰 호응을 얻고 있답니다. <br> 매월! 푸짐한 혜택으로 기분 좋은 쇼핑을 할 수 있는 맛있고 건강한 동원몰과 함께하세요~,default,END
107,0,동원몰을 모바일에서 편리하게 이용하실 수 있는 방법!<br>동원몰 앱을 다운 받아보세요~<br>동원몰 홈페이지 좌측 상단을 보시면 '앱다운로드' 버튼이 있습니다.,default,seq
107,0_0,"SMS 문자로 모바일 앱 설치 URL을 안내받으시거나,<br>QR코드를 스캔하여 모바일 앱을 간편하게 다운받으실 수 있습니다.",default,END
108,0,"안녕하세요!<br>동원몰에 관심가져주셔서 대단히 감사합니다.<br>아래 버튼을 클릭하시면 신규입점 안내 및 문의 페이지로 이동합니다.<br><br><a href='javascript:window.parent.postMessage(""http://www.dongwonmall.com/boardCooperation/newstore.do"",""*"")'>
<button class=""ext_btn"" type=""button"">동원몰 신규입점</button></a>",default,END
109,0,"고객님 동원몰에서는 동원 제품뿐 아니라 여러 업체의 다양한 상품을 구매하실 수 있습니다.<br> 특히 동원, 코스트코, 메가마트의 상품을 한번에 쇼핑하고, 한번에 배송받으실 수 있어 편리합니다!",default,seq
109,0_0,"동원몰은 식품 전문 온라인 쇼핑몰이지만 생활용품, 주방용품, 유아동용품 등 다양한 카테고리 상품들도 만나실 수 있습니다.<br> '전체 카테고리 안내'를 입력하시면 동원몰에서 판매 중인 전체 상품 카테고리를 안내해드릴게요~",default,END
110,0,쉿! 일급기밀입니다. <br> 말씀드리지 못하는 점 양해부탁드립니다.,default,END
111,0,"고객님 동원몰에서는<br>가공/즉석/냉동, 김치/반찬/소스,<br> 쌀/과일/채소/견과, 수산, 축산,<br>건강기능식품/다이어트, 생활용품,<br> 주방용품, 화장품/바디/헤어, 유아동/도서, 가전/사무/디지털 상품과<br>모바일쿠폰을 만나실 수 있습니다!",default,END
112,0,"동원의 가족이 되고 싶으신가요?<br> 환영합니다!<br> 동원그룹 채용공고 페이지를 안내해드릴게요~<br> 아래 버튼을 클릭해주시면 채용공고, 직무소개, 인사제도, 채용문의 등을 확인하실 수 있는 페이지로 연결됩니다.<br><br><a href='javascript:window.parent.postMessage(""http://www.dongwon.com/recruit/announce/02010100"",""*"")'>
<button class=""ext_btn"" type=""button"">동원그룹 채용</button></a>",default,END
113,0,"고객님! 임박 상품을 찾으시나요?<br>동원몰 아울렛 코너에서는 임박 상품, 스크레치 상품 등을 특가 판매하고 있습니다.<br>동원몰 아울렛에서 알뜰하고 똑똑한 쇼핑하세요!",default,seq
113,0_0,"아래의 버튼을 클릭하시면 아울렛 페이지로 이동합니다!<br><a href='javascript:window.parent.postMessage(\""http://www.dongwonmall.com/display/outlet.do\"",\""*\"")'>\n<button class=\""ext_btn\"" type=\""button\"">아울렛에서 쇼핑하기</button></a>",default,END
114,0,"특가 상품을 찾으시나요?<br>동원몰 빅세일 코너에서는 유통기간이 정상이면서도 초특가 행사상품을 만나실 수 있습니다.<br>달려라 할인 코너에서는 월, 수, 금 오전 10시마다 놀라운 가격의 상품들이 업데이트됩니다.",default,seq
114,0_0,"아래 버튼을 클릭하시면 해당 페이지로 이동합니다!<br><br><a href='javascript:window.parent.postMessage(\""http://www.dongwonmall.com/display/bigsale.do\"",\""*\"")'>\n<button class=\""ext_btn\"" type=\""button\"">빅세일에서 쇼핑하기</button></a>\n<a href='javascript:window.parent.postMessage(\""http://www.dongwonmall.com/display/todayMainNew.do\"",\""*\"")'>\n<button class=\""ext_btn\"" type=\""button\"">달려라 할인에서 쇼핑하기</button></a>",default,END
115,0,"고객님 GNC 상품 추천을 원하시나요?<br>죄송하지만 아직 추천 서비스 제공이 어렵습니다.<br>고객님과 찰떡궁합인 상품을 추천하기 위해, 저 푸디 공부하러 다녀오겠습니다!<br>더욱 더 똑똑한 AI가 되어 상품 추천을 더 잘 하고 싶어요!",default,seq
115,0_0,"아래 버튼을 클릭하시면 GNC 베스트 상품, 현재 할인되고 있는 초특가 상품을 확인하실 수 있는 페이지로 이동합니다!<br><br><a href='javascript:window.parent.postMessage(\""http://www.dongwonmall.com/category/main.do?cate_id=01110040\"",\""*\"")'>\n<button class=\""ext_btn\"" type=\""button\"">GNC 전문관 보러가기</button></a>",default,END
116,0,"고객님 천지인 상품 추천을 원하시나요?<br>죄송하지만 아직 추천 서비스 제공이 어렵습니다.<br>고객님과 찰떡궁합인 상품을 추천하기 위해, 저 푸디 공부하러 다녀오겠습니다!<br>더욱 더 똑똑한 AI가 되어 상품 추천을 더 잘 하고 싶어요!",default,seq
116,0_0,"아래 버튼을 클릭하시면 천지인 MD 추천 상품, 현재 할인되고 있는 초특가 상품을 확인하실 수 있는 페이지로 이동합니다!<br><br><a href='javascript:window.parent.postMessage(\""http://www.dongwonmall.com/category/main.do?cate_id=01110043\"",\""*\"")'>\n<button class=\""ext_btn\"" type=\""button\"">천지인 브랜드관 보러가기</button></a>",default,END
117,0,"고객님 동원몰 럭키딜 코너는 매일 한정된 시간에 한해 제품을 좀 더 저렴하게 구매하실 수 있는 코너입니다.<br>다양한 제품이 매일 럭키한 할인가로 준비되며, 고객님의 취향에 따라 옵션 상품을 선택하실 수 있습니다. 매일 오전 10시마다 새로운 상품을 만나보실 수 있습니다.<br>월요일부터 일요일까지 매일매일 득템! 행운을 잡으세요~",default,seq
117,0_0,"아래 버튼을 클릭하시면 럭키딜 페이지로 이동합니다!<br><br><a href='javascript:window.parent.postMessage(\""http://www.dongwonmall.com/display/luckyDeal.do\"",\""*\"")'>\n<button class=\""ext_btn\"" type=\""button\"">매일매일 럭키딜</button></a>",default,END
118,0,만원의 행복은 동원몰 고객님들을 위한 스마트쇼핑 제안코너입니다.<br>1만 원 특가로 구성한 인기상품으로 빠르고 쉽게 주문하실 수 있습니다.<br>3세트 주문 시 무료배송까지! 지금 바로 만원의 행복을 누려보세요~,default,seq
118,0_0,"아래 버튼을 클릭하시면 만원의 행복 페이지로 이동합니다!<br><br><a href='javascript:window.parent.postMessage(\""javascript:window.parent.postMessage('http://www.dongwonmall.com/display/plan.do?seq=00000001302&utm_source=banner&utm_term=main&utm_content=2-2\"",\""*\"")'>\n<button class=\""ext_btn\"" type=\""button\"">만원의 행복</button></a>",default,END
119,0,"동원몰을 이용하시면 코스트코 회원권이 없는 고객님께서도 집에서 편하게 코스트코 상품을 구매하실 수 있습니다!<br>또한 합배송 서비스를 통해 코스트코에 없는 메가마트 상품과 동원 상품도 함께 구매 가능하며, 3만원 이상 구매 시 무료배송으로 받으실 수 있습니다.",default,seq
119,0_0,"코스트코 스테디셀러 상품들을 기획전을 통해 한 눈에 보실 수 있으며,<br>각종 이벤트를 통해 좀 더 저렴한 가격에 만나보실 수 있습니다!",default,END
120,0,"고객님 동원F&B의 다채로운 브랜드와 건강한 제품을 소개해드릴게요.<br> 아래 버튼을 클릭하시면 상세 안내페이지로 이동합니다.<br><br><a href='javascript:window.parent.postMessage(""https://www.dongwonfnb.com/services/Brand/Brand_List"",""*"")'>
<button class=""ext_btn"" type=""button"">동원F&B 브랜드소개</button></a>
<a href='javascript:window.parent.postMessage(""http://www.dongwonfnb.com/services/Product/Product_List"",""*"")'>
<button class=""ext_btn"" type=""button"">동원F&B 제품안내</button></a>",default,END
121,0,"고객님 참치 찾으세요?<br>아래 버튼을 누르시면 참치 검색 결과페이지로 이동합니다!<br><br><a href='javascript:window.parent.postMessage(""http://www.dongwonmall.com/search/search.do?brandCd=&gncSearch=N&searchGncTermTop=N&bandSearch=N&searchBandTermTop=N&bandCate_id=0111&searchTermTop=참치"",""*"")'>
<button class=""ext_btn"" type=""button"">참치 상품 보러가기</button></a>",default,END
122,0,고객님 동원참치캔 제품에<br>사용되는 참치의 원산지는 원양산(태평양)입니다.<br>태평양 청정 해역에서 직접 잡은 싱싱한 참치를 급속냉동시켜 육질이 살아있습니다.<br>바다에서 온 건강 동원참치로 온가족 건강을 지키세요!,default,END
123,0,"고객님 만두 찾으세요?<br> 아래 버튼을 누르시면 만두 검색 결과페이지로 이동합니다!<br><br><a href='javascript:window.parent.postMessage(""http://www.dongwonmall.com/search/search.do?brandCd=&gncSearch=N&searchGncTermTop=N&bandSearch=N&searchBandTermTop=N&bandCate_id=0111&searchTermTop=만두"",""*"")'>
<button class=""ext_btn"" type=""button"">만두 상품 보러가기</button></a>",default,END
123,0,"쪄 먹어도 구워 먹어도 참 맛있는 만두!<br> 만두 찾으시나요?<br> 아래 버튼을 누르시면 만두 검색 결과페이지로 이동합니다!<br><br><a href='javascript:window.parent.postMessage(""http://www.dongwonmall.com/search/search.do?brandCd=&gncSearch=N&searchGncTermTop=N&bandSearch=N&searchBandTermTop=N&bandCate_id=0111&searchTermTop=만두"",""*"")'>
<button class=""ext_btn"" type=""button"">만두 상품 보러가기</button></a>",default,END
124,0,"고객님 리챔 찾으세요?<br> 아래 버튼을 누르시면 리챔 검색 결과페이지로 이동합니다!<br><br><a href='javascript:window.parent.postMessage(""http://www.dongwonmall.com/search/search.do?brandCd=&gncSearch=N&searchGncTermTop=N&bandSearch=N&searchBandTermTop=N&bandCate_id=0111&searchTermTop=리챔"",""*"")'>
<button class=""ext_btn"" type=""button"">리챔 상품 보러가기</button></a>",default,END
125,0,"고객님 쎈쿡 찾으세요?<br> 아래 버튼을 누르시면 쎈쿡 검색 결과페이지로 이동합니다!<br><br><a href='javascript:window.parent.postMessage(""http://www.dongwonmall.com/search/search.do?brandCd=&gncSearch=N&searchGncTermTop=N&bandSearch=N&searchBandTermTop=N&bandCate_id=0111&searchTermTop=쎈쿡"",""*"")'>
<button class=""ext_btn"" type=""button"">쎈쿡 상품 보러가기</button></a>",default,END
126,0,"고객님 아삭아삭~ 맛있는 김치 찾으세요?<br> 아래 버튼을 누르시면 김치 검색 결과페이지로 이동합니다!<br><br><a href='javascript:window.parent.postMessage(""http://www.dongwonmall.com/search/search.do?brandCd=&gncSearch=N&searchGncTermTop=N&bandSearch=N&searchBandTermTop=N&bandCate_id=0111&searchTermTop=김치"",""*"")'>
<button class=""ext_btn"" type=""button"">김치 상품 보러가기</button></a>",default,END
127,0,"고객님 맑고 시원한 동원샘물 찾으세요?<br>  아래 버튼을 누르시면 동원샘물 검색 결과페이지로 이동합니다!<br><br><a href='javascript:window.parent.postMessage(""http://www.dongwonmall.com/search/search.do?brandCd=&gncSearch=N&searchGncTermTop=N&bandSearch=N&searchBandTermTop=N&bandCate_id=0111&searchTermTop=샘물"",""*"")'>
<button class=""ext_btn"" type=""button"">동원샘물 상품 보러가기</button></a>",default,END
128,0,"지금 동원몰에서 가장 인기있는 상품이 궁금하신가요?<br> 아래 버튼을 클릭하시면 고객님께 가장 많은 사랑을 받은 동원몰 베스트 상품 페이지로 이동합니다!<br><a href='javascript:window.parent.postMessage(""http://www.dongwonmall.com/display/best100.do"",""*"")'><button class=""ext_btn"" type=""button"">베스트 상품 보러가기</button></a>",default,END
129,0,"지금 동원몰에서 가장 인기있는<br>상품이 궁금하신가요?<br>아래 버튼을 클릭하신 후 동원몰 인기상품 베스트 100에서 카테고리를 선택하시면 해당 카테고리의 베스트 상품을 확인하실 수 있습니다.<br><br><a href='javascript:window.parent.postMessage(""http://www.dongwonmall.com/display/best100.do"",""*"")'>
<button class=""ext_btn"" type=""button"">베스트 상품 보러가기</button></a>",default,END
130,0,"지금 동원몰에서 가장 인기있는<br>상품이 궁금하신가요?<br>아래 버튼을 클릭하신 후 동원몰 인기상품 베스트 100에서 카테고리를 선택하시면 해당 카테고리의 베스트 상품을 확인하실 수 있습니다.<br><br><a href='javascript:window.parent.postMessage(""http://www.dongwonmall.com/display/best100.do"",""*"")'>
<button class=""ext_btn"" type=""button"">베스트 상품 보러가기</button></a>",default,END
131,0,"지금 동원몰에서 가장 인기있는<br>상품이 궁금하신가요?<br>아래 버튼을 클릭하신 후 동원몰 인기상품 베스트 100에서 카테고리를 선택하시면 해당 카테고리의 베스트 상품을 확인하실 수 있습니다.<br><br><a href='javascript:window.parent.postMessage(""http://www.dongwonmall.com/display/best100.do"",""*"")'>
<button class=""ext_btn"" type=""button"">베스트 상품 보러가기</button></a>",default,END
132,0,"지금 동원몰에서 가장 인기있는<br>상품이 궁금하신가요?<br>아래 버튼을 클릭하신 후 동원몰 인기상품 베스트 100에서 카테고리를 선택하시면 해당 카테고리의 베스트 상품을 확인하실 수 있습니다.<br><br><a href='javascript:window.parent.postMessage(""http://www.dongwonmall.com/display/best100.do"",""*"")'>
<button class=""ext_btn"" type=""button"">베스트 상품 보러가기</button></a>",default,END
133,0,"지금 동원몰에서 가장 인기있는<br>상품이 궁금하신가요?<br>아래 버튼을 클릭하신 후 동원몰 인기상품 베스트 100에서 카테고리를 선택하시면 해당 카테고리의 베스트 상품을 확인하실 수 있습니다.<br><br><a href='javascript:window.parent.postMessage(""http://www.dongwonmall.com/display/best100.do"",""*"")'>
<button class=""ext_btn"" type=""button"">베스트 상품 보러가기</button></a>",default,END
134,0,"지금 동원몰에서 가장 인기있는<br>상품이 궁금하신가요?<br>아래 버튼을 클릭하신 후 동원몰 인기상품 베스트 100에서 카테고리를 선택하시면 해당 카테고리의 베스트 상품을 확인하실 수 있습니다.<br><br><a href='javascript:window.parent.postMessage(""http://www.dongwonmall.com/display/best100.do"",""*"")'>
<button class=""ext_btn"" type=""button"">베스트 상품 보러가기</button></a>",default,END
135,0,"지금 동원몰에서 가장 인기있는<br>상품이 궁금하신가요?<br>아래 버튼을 클릭하신 후 동원몰 인기상품 베스트 100에서 카테고리를 선택하시면 해당 카테고리의 베스트 상품을 확인하실 수 있습니다.<br><br><a href='javascript:window.parent.postMessage(""http://www.dongwonmall.com/display/best100.do"",""*"")'>
<button class=""ext_btn"" type=""button"">베스트 상품 보러가기</button></a>",default,END
136,0,"지금 동원몰에서 가장 인기있는<br>상품이 궁금하신가요?<br>아래 버튼을 클릭하신 후 동원몰 인기상품 베스트 100에서 카테고리를 선택하시면 해당 카테고리의 베스트 상품을 확인하실 수 있습니다.<br><br><a href='javascript:window.parent.postMessage(""http://www.dongwonmall.com/display/best100.do"",""*"")'>
<button class=""ext_btn"" type=""button"">베스트 상품 보러가기</button></a>",default,END
137,0,"지금 동원몰에서 가장 인기있는<br>상품이 궁금하신가요?<br>아래 버튼을 클릭하신 후 동원몰 인기상품 베스트 100에서 카테고리를 선택하시면 해당 카테고리의 베스트 상품을 확인하실 수 있습니다.<br><br><a href='javascript:window.parent.postMessage(""http://www.dongwonmall.com/display/best100.do"",""*"")'>
<button class=""ext_btn"" type=""button"">베스트 상품 보러가기</button></a>",default,END
138,0,"지금 동원몰에서 가장 인기있는<br>상품이 궁금하신가요?<br>아래 버튼을 클릭하신 후 동원몰 인기상품 베스트 100에서 카테고리를 선택하시면 해당 카테고리의 베스트 상품을 확인하실 수 있습니다.<br><br><a href='javascript:window.parent.postMessage(""http://www.dongwonmall.com/display/best100.do"",""*"")'>
<button class=""ext_btn"" type=""button"">베스트 상품 보러가기</button></a>",default,END
139,0,"지금 동원몰에서 가장 인기있는<br>상품이 궁금하신가요?<br>아래 버튼을 클릭하신 후 동원몰 인기상품 베스트 100에서 카테고리를 선택하시면 해당 카테고리의 베스트 상품을 확인하실 수 있습니다.<br><br><a href='javascript:window.parent.postMessage(""http://www.dongwonmall.com/display/best100.do"",""*"")'>
<button class=""ext_btn"" type=""button"">베스트 상품 보러가기</button></a>",default,END
140,0,"지금 동원몰에서 가장 인기있는<br>상품이 궁금하신가요?<br>아래 버튼을 클릭하신 후 동원몰 인기상품 베스트 100에서 카테고리를 선택하시면 해당 카테고리의 베스트 상품을 확인하실 수 있습니다.<br><br><a href='javascript:window.parent.postMessage(""http://www.dongwonmall.com/display/best100.do"",""*"")'>
<button class=""ext_btn"" type=""button"">베스트 상품 보러가기</button></a>",default,END
141,0,"지금 동원몰에서 가장 인기있는<br>상품이 궁금하신가요?<br>아래 버튼을 클릭하신 후 동원몰 인기상품 베스트 100에서 카테고리를 선택하시면 해당 카테고리의 베스트 상품을 확인하실 수 있습니다.<br><br><a href='javascript:window.parent.postMessage(""http://www.dongwonmall.com/display/best100.do"",""*"")'>
<button class=""ext_btn"" type=""button"">베스트 상품 보러가기</button></a>",default,END
142,0,고객님 동원몰을 이용하시면  동원 제품은 물론 코스트코와 대형마트의 상품까지 한 번에! 쉽고 편리하게 배송받으실 수 있습니다. <br> 또한 동원몰 회원님들께는 매월 등급별 푸짐한 혜택을 드리고 있습니다.,default,seq
142,0_0,동원몰 회원님들께만 드리는 푸짐한 회원혜택! 소개해드릴까요?<br> 네 아니오로 말씀해주세요~,default,YNO
142,0_0-Y,,default,seq
142,0_0-N,알겠습니다.,default,END
142,0_0-O,"네, 아니오가 아닌 다른 답변을 주셨네요! <br>다른 도움이 필요하신가요? 질문해주세요!",default,BACK
143,0,옛날 옛적에........<br> 흠...  뭐더라..... 그다음은 잊어버렸어요,default,END
143,0,친구한테 들려달라고 하세요~ 그리고 저에게도 알려주세요~,default,END
143,0,고객님이 저한테 좀 해주세요~ 저도 듣고 싶어요~,default,END
144,0,저한테 너무 어려운 걸 물으시는 거 같아요~ <br> 인터넷에 검색해보세요!,default,END
144,0,그게 뭐죠? 먹는 건가? <br> 동원몰과 식품에 대해서는 척척박사이지만<br> 고객님이 방금 질문하신 내용은 잘 모르겠어요!,default,END
145,0,고객님 지금은 <? now() ?> 입니다!,default,END
146,0,고객님 저는 고객님의 사랑을 먹고 산답니다~ ♡ <br> 고객님의 사랑만 있다면 언제나 전 배불러요~,default,END
147,0,"뭘 먹을지, 어떻게 먹을지 고민이시라면 저희 동원몰 레시피를 참고해보시면 어떨까요?<br> 정말 다양한 레시피들이 고객님을 기다리고 있답니다!<br><br>아래의 버튼을 클릭하시면 레시피 페이지로 이동합니다.<br>※ PC에서만 보실 수 있습니다.<br><br><a href='javascript:window.parent.postMessage(""http://www.dongwonmall.com/event/recipe/main.do"",""*"")'>
<button class=""ext_btn"" type=""button"">레시피 보러가기</button></a>",default,seq
147,0_0,"아차! 동원몰 레시피로 요리하려고 하는데 재료가 없다구요?<br>지금 동원몰에서는 다양한 기획전이 열리고 있어요!<br>한 번 살펴보시고 저렴하게 상품 구매하세요~<br><br>아래 버튼을 클릭하시면 기획전 페이지로 이동합니다.<br><br><a href='javascript:window.parent.postMessage(\""http://www.dongwonmall.com/display/planmain.do\"",\""*\"")'>\n<button class=\""ext_btn\"" type=\""button\"">기획전 보러가기</button></a>",default,END
148,0,잠시 사색 중이었어요. 도움이 필요하신가요?,default,END
148,0,저요? 고객님과 지금 같이 대화 하고 있지요~ 도움이 필요하신가요?,default,END
148,0,저에게 어떤 말을 걸으실지 궁금해하고 있었어요. 도움이 필요하신가요?,default,END
148,0,저요? 고객님께서 저에게 말 걸어주시기를 오매불망 기다리고 있죠. 도움이 필요하신가요?,default,END
148,0,동원몰 고객님들께 어떤 도움을 드리면 좋을지 고민하고 있었답니다. 도움이 필요하신가요?,default,END
149,0,저두요 고객님! ^____^,default,END
149,0,다른 챗봇에게는 그런 말하시면 안되요~ 저한테만 하셔야 해요! ^_____^,default,END
149,0,저도 고객님을 사랑해요~,default,END
149,0,사랑합니다 고객님!,default,END
150,0,일어나서 기지개 한 번! 어떠세요?,default,END
150,0,자리에서 일어나 스트레칭 쭉 쭉~ 해보세요!,default,END
150,0,지금 바로 좋아하는 음악을 틀어보세요! 잠도 깨고! 심심타파!,default,END
151,0,고객님 제가 동원몰에 대해서는 척척박사이지만... 다른 분야는 쪼끔~ 약하답니다. <br>초록창에 한번 검색해보시는 건 어떠세요? <br> 초록창은 뭐든지 다 알고 있다더라구요~ <br> 다른 도움이 필요하신가요?,default,END
151,0,학교다닐 때 공부 열심히 하라는 부모님 말씀을 잘 들을 걸 그랬어요... <br> 모르겠네요.... <br> 인터넷에 검색해보시면 어떨까요? <br> 아마 저보다 똑똑할거에요 <br>다른 도움이 필요하신가요?,default,END
152,0,"고객님 현재 챗봇을 통한 상품 주문 처리는 어렵습니다. 대신 주문 방법을 안내해드릴게요!<br><br>Step 1. 상품페이지<br>고객님이 원하시는 상품을 장바구니에 담을 수 있는 단계입니다. 원하시는 상품을 찾으셨다면 장바구니에 넣어 주세요.<br><br>Step 2. 장바구니<br>장바구니에 담은 상품들을 확인하고, 계속 쇼핑을 하실 수 있습니다. 주문하기를 클릭하면 장바구니에 담긴 상품을 주문하실 수 있습니다.<br><br>Step 3. 주문서 작성<br>주문 진행에 필요한 정보를 입력하는 단계입니다. 주문 고객 정보와 배송지 정보를 입력, 확인하실 수 있고, 결제수단을 선택하는 단계입니다.<br><br>Step 4. 결제하기<br>결제 수단에 필요한 정보를 입력하고 결제하기를 클릭하세요. <br><br>Step 5. 주문완료<br>결제된 내용을 확인하실 수 있습니다. 주문의 상세내역과 배송진행 상황은 [My 동원몰 - 주문/배송조회] 및 e-mail로 알려드립니다.<br><br>Step 6. 주문/배송 확인<br>주문이 완료된 후 배송 진행 상황은 [My 동원몰 - 주문/배송조회]에서 확인하실 수 있습니다. 주문 상태에 따라 취소/반품을 요구하실 수 있습니다.",default,seq
152,0_0,"추가 문의사항이 있으실 경우 동원몰 고객센터 1588-3745 또는 1:1 맞춤상담에 문의하시면 맞춤 답변을 받으실 수 있습니다.<br><a href='javascript:window.parent.postMessage(\""http://www.dongwonmall.com/customer/counsel.do\"",\""*\"")'>\n<button class=\""ext_btn\"" type=\""button\"">고객센터 - 1:1 맞춤상담</button></a>",default,END
153,0,고객님 주문이 완료되면 주문하실 때 입력한 E-mail 주소로 주문내용을 알려드립니다.<br>또한 동원몰 홈페이지 상단의 [MY 동원몰 - 주문/배송조회]에 들어가시면 최근 주문내역과 최근 구매 상품을 확인하실 수 있습니다.,default,seq
153,0_0,"아래 버튼을 클릭하시면 주문/배송 조회 페이지로 연결됩니다!<br><br><a href='javascript:window.parent.postMessage(\""https://www.dongwonmall.com/mypage/myorder/myOrderList.do\"",\""*\"")'>\n<button class=\""ext_btn\"" type=\""button\"">MY 동원몰 - 주문/배송조회</button></a>",default,END
154,0,고객님 주문상품을 다른 상품으로 바꾸고 싶으신가요?<br>죄송하지만 주문서를 작성하신 후 다른 상품으로 교환은 어려우며 주문 취소 후 재주문을 하셔야 합니다.,default,seq
154,0_0,"취소를 하실 경우에는 먼저 [MY동원몰 - 주문/배송조회]에서 배송상황을 확인해주세요. <br>배송상태가 ‘결제완료’시점이라면 온라인상에서 바로 취소가 가능합니다.<br>단, 배송상태가 ‘발송준비’ 또는 ‘발송완료’ 단계에서는 취소가 불가하므로 반품처리로 전환 해야 합니다.<br><a href='javascript:window.parent.postMessage(\""https://www.dongwonmall.com/mypage/myorder/myOrderList.do\"",\""*\"")'>\n<button class=\""ext_btn\"" type=\""button\"">MY 동원몰 - 주문/배송조회</button></a>",default,END
155,0,"고객님 [My 동원몰 - 주문/배송조회]의 배송상태가 결제완료 시점이면 동원몰 고객센터 1:1 맞춤상담이나 콜센터 1588-3745 (AM 09:00 ~ PM 06:00, 점심시간 : PM 12:00 ~ 01:00, 토,일, 공휴일 휴무)를 통해 배송지 주소 변경을 요청하실 수 있습니다.",default,END
156,0,고객님 저희 동원몰에서는 회원 뿐만 아니라 비회원도 편리하게 주문하실 수 있습니다.<br><br> 비회원 주문방법<br>1. 상품 검색 후 주문하기 <br> 상품 검색 후 [바로구매] 버튼 클릭 시 뜨는 로그인 팝업창에서 하단의 [비회원으로 주문하기] 버튼 클릭하여 구매 진행하시면 됩니다.<br><br>비회원 주문방법<br> 2. 상품 검색 후 장바구니 <br> 장바구니에서 [전체(또는 선택)상품주문] 버튼 클릭 시 뜨는 로그인 팝업창에서 하단의 [비회원으로 주문하기] 버튼 클릭하여 구매 진행하시면 됩니다. <br><br>비회원 주문방법<br>3. 상단의 로그인 클릭 <br> 로그인 팝업창에서 하단의 [비회원으로 주문하기] 버튼 클릭하여 구매 진행하시면 됩니다. <br><br># 비회원 주문 시 휴대폰 본인인증절차를 거치셔야 합니다.,default,seq
156,0_0,"하지만 상세한 주문관리 및 각종 회원혜택을 받으시려면 회원가입을 하시는 편이 더 편리합니다.<br>아래의 버튼을 클릭하시면 회원가입 페이지로 이동합니다.<br><a href=\""javascript:window.parent.postMessage('https://www.dongwonmall.com/member/join/step1.do','*')\""><button class=\""ext_btn\"">동원몰 회원가입 하러가기</button></a>",default,END
157,0,고객님 여러 상품 한꺼번에 주문 가능합니다.<br>쇼핑하시면서 장바구니에 담아 두셨다가 한꺼번에 주문하시면 됩니다.<br>여러 곳으로 상품을 보내실 경우 주문서 - 배송지정보 우측 상단 여러 곳으로 상품 보내기에 체크 하시면 배송지를 추가하여 다중배송지로 보낼 수 있습니다.,default,END
158,0,"고객님 아래의 버튼을 클릭하시면 대량주문 페이지로 이동합니다!<br>온라인으로 견적 문의를 신청하실 수 있습니다.<br><br><a href='javascript:window.parent.postMessage(""http://www.dongwonmall.com/boardCooperation/biz_order.do"",""*"")'>
<button class=""ext_btn"" type=""button"">단체기업/대량주문 하러가기</button></a>",default,seq
158,0_0,전화 문의를 원하시면 동원몰 고객센터 1588-3745로 연락 부탁드립니다.,default,END
159,0,"고객님 품절 상품은 현재 제품 공급의 문제로 재고가 부족한 상태이기 때문에 바로 구매가 어렵습니다.<br>제품이 재입고되는 시기에 구입이 가능하며, 재입고가 되는 즉시 사이트상에서 확인하실 수 있습니다.<br><br>추가 문의사항이 있으실 경우 동원몰 고객센터 1588-3745 또는 1:1 맞춤상담에 문의하시면 맞춤 답변을 받으실 수 있습니다.<br><a href='javascript:window.parent.postMessage(""http://www.dongwonmall.com/customer/counsel.do"",""*"")'>
<button class=""ext_btn"" type=""button"">고객센터 - 1:1 맞춤상담</button></a>",default,END
160,0,"고객님 상품은 현재의 상품가치로 인한 시세의 영향으로 인하여 시중에서처럼 가격변동이 일어날 수 있으며, 혹은 일정기간 이벤트나 기획전을 통해 기간 내에만 판매가격이 변동되어질 수 있습니다.<br>이 점 고객님의 양해 부탁드리며, 더욱 좋은 가격으로 고객님을 찾아뵐 수 있도록 노력하겠습니다!<br><br>추가 문의사항이 있으실 경우 동원몰 고객센터 1588-3745 또는 1:1 맞춤상담에 문의하시면 맞춤 답변을 받으실 수 있습니다.<br><a href='javascript:window.parent.postMessage(""http://www.dongwonmall.com/customer/counsel.do"",""*"")'>
<button class=""ext_btn"" type=""button"">고객센터 - 1:1 맞춤상담</button></a>",default,END
161,0,고객님 주문취소를 원하실 경우에는 우선 'MY동원몰'에서 '주문현황'을 확인해주세요.<br>취소가 가능할 경우 '주문현황'란에 [주문취소] 버튼이 활성화됩니다.<br>[주문취소] 버튼 클릭 시 뜨는 알림창의 [확인] 버튼까지 누르시면 주문취소가 완료됩니다.,default,seq
161,0_0,"혹시 [주문취소] 버튼이 보이지 않으시나요?<button class=\""dial_btn f\"">네, 안보여요</button><button class=\""dial_btn\"">아니오, 보입니다</button>",default,YNO
161,0_0-Y,"고객님 ‘주문현황’란에 뭐라고 적혀있나요?<button class=\""dial_btn f\"">주문접수</button>\n<button class=\""dial_btn\"">결제완료</button>\n<button class=\""dial_btn\"">발송지연</button>\n<button class=\""dial_btn\"">발송준비</button>\n<button class=\""dial_btn\"">발송완료</button>\n<button class=\""dial_btn\"">배송중</button><button class=\""dial_btn\"">배송완료</button>",default,ABCD
161,0_0-Y-A,"고객님 현 상태에서는 주문하신 제품의 발송을 위해 고객님의 주문 및 배송 정보가 발송업체, 물류센터, 택배사로 이관된 상태입니다.<br>배송상태가 ‘발송준비’, ‘발송완료’인 상태에서는 취소가 불가하므로 반품으로 처리하게 됩니다.<br><br>고객님 반품하시겠어요? 네 아니오로 말씀해주세요~",default,YNO
161,0_0-Y-A-Y,고객님 반품하려 하시나요? <br>죄송하지만 인공지능인 제가 바로 반품처리 하는 것은 아직 조금 어려워요~ <br>대신 저희 동원몰 전문상담사들이 도와드리겠습니다. <br>고객센터 1588-3745로 연락주시면 빠르게 처리해드릴게요~,default,seq
161,0_0-Y-A-Y_0,"필요하시면, 반품 절차에 대해 간단히 안내드릴까요? <br> 네 아니오로 말씀해주세요~",default,YNO
161,0_0-Y-A-Y_0-Y,"고객님 반품은 다음과 같이 처리됩니다. <br><br> 1) 고객님께서 수령하신 상자에 붙어있는 운송장의 주소 및 택배사를 확인해주세요. <br>2) ‘MY동원몰’에서 반품신청을 해주세요. <br> 3) 배달되어진 택배사를 통해 상품을 반품해주세요. <br>4) 반품제품 입고 후에 환불이 진행되며, 상황에 따라 반품이 불가할 수도 있습니다.",default,seq
161,0_0-Y-A-Y_0-Y_0,유의사항도 함께 보시겠어요? 네 아니오로 말씀해주세요~,default,YNO
161,0_0-Y-A-Y_0-Y_0-Y,"반품 시 유의사항입니다! <br> # 상품 배달시 동봉된 청약철회서를 작성하시어 반품하시는 상자 안에 넣어 주시기 바랍니다. <br>청약철회서가 없는 경우에는 별도 종이에 철회일자, 주문일자, 상품명, 금액, 성명, 철회사유, 주소 등을 기재하여 동봉하여 주시기 바랍니다. <br># 반품하실 때 택배기사에게 수령하신 반송장은 환불이 완료될 때까지 보관해주세요. <br># 상품하자, 오배송 등의 문제로 교환/반품을 하실 때 반품비는 고객센터 1588-3745로 연락주시고 사전접수 후 착불로 처리하시면 됩니다. <br>이외에 고객변심으로 인해 교환/반품을 하실 때는 고객센터 사전접수 후 고객님께서 별도로 배송비를 부담해주셔야 합니다.",default,END
161,0_0-Y-A-Y_0-Y_0-N,알겠습니다~,default,END
161,0_0-Y-A-Y_0-Y_0-O,네 아니오가 아닌 다른 답변을 주셨네요! <br>다른 도움이 필요하신가요? 질문해주세요!,default,BACK
161,0_0-Y-A-Y_0-N,알겠습니다. <br> 반품에 대한 안내는 저희 동원몰 홈페이지 [고객센터]-[자주묻는질문]-[교환/반품/AS] 게시판에서도 확인하실 수 있습니다.,default,END
161,0_0-Y-A-Y_0-O,네 아니오가 아닌 다른 답변을 주셨네요! <br>다른 도움이 필요하신가요? 질문해주세요!,default,BACK
161,0_0-Y-A-N,알겠습니다~,default,END
161,0_0-Y-A-O,네 아니오가 아닌 다른 답변을 주셨네요! <br>다른 도움이 필요하신가요? 질문해주세요!,default,BACK
161,0_0-Y-B,"고객님 [주문취소] 버튼이 보이지 않으신다면, 동원몰 고객센터 1588-3745로 연락주세요!<br>똑소리나는 전문상담사들이 도와드리겠습니다~",default,END
161,0_0-Y-O,다른 도움이 필요하신가요? 질문해주세요!,default,BACK
161,0_0-N,그러시면 버튼을 눌러서 주문취소를 진행해주세요~ ^^,default,END
161,0_0-O,네 아니오가 아닌 다른 답변을 주셨네요! <br>다른 도움이 필요하신가요? 질문해주세요!,default,BACK
162,0,"고객님 동원몰 결제방법을 알려드릴까요?<br><button class=""dial_btn f"">네</button>
<button class=""dial_btn"">아니오</button>",default,YNO
162,0-Y,"동원몰에서는 신용카드, 현금(실시간 계좌이체/무통장입금/페이코 간편결제/카카오페이/스마일페이) 등으로 결제하실 수 있으며 적립금, 쿠폰과 함께 결제하실 수 있습니다. <br>회원등급 할인과 상품할인쿠폰은 하나의 주문에 중복 적용하실 수 없습니다.<br>(단, 장바구니 플러스쿠폰의 경우 사용이 가능합니다.)",default,END
162,0-N,알겠습니다~,default,END
162,0-O,다른 도움이 필요하신가요? 질문해주세요!,default,BACK
163,0,휴대폰 결제를 찾으시는군요 <br> 죄송합니다 고객님 <br>현재 저희 동원몰에서는 휴대폰 소액결제가 불가능합니다. <br> 그러나 말씀하신 내용 담당자 전달하도록 하겠습니다. <br> 고객님의 편의를 위해 더욱 노력하는 동원몰 되겠습니다!,default,END
164,0,고객님 상품 주문 단계에서 결제수단 선택 시 '신용카드'를 선택하시면 무이자 카드 정보를 안내해드립니다!<br>카드 종류와 무이자 조건에 대한 상세 내용을 안내해드리오니 참고 부탁드립니다.,default,END
165,0,"고객님 죄송하지만 결제방법 변경은 어렵습니다. 다른 결제수단을 사용하시려면 주문을 취소하신 후 다른 결제수단을 이용하여 재주문하셔야 합니다. <br><br>추가 문의사항이 있으실 경우 동원몰 고객센터 1588-3745 또는 1:1 맞춤상담에 문의하시면 맞춤 답변을 받으실 수 있습니다.<br><a href='javascript:window.parent.postMessage(""http://www.dongwonmall.com/customer/counsel.do"",""*"")'>
<button class=""ext_btn"" type=""button"">고객센터 - 1:1 맞춤상담</button></a>",default,END
166,0,"고객님 저희 동원몰은<br>오전 9시, 오후 2시, 오후 5시 하루 3번 입금확인을 진행하고 있습니다. <br> 혹시 이 확인 시간 사이에 입금해주셨나요?<br><button class=""dial_btn f"">네</button>
<button class=""dial_btn"">아니오</button>",default,YNO
166,0-Y,고객님 조금만 더 기다려주세요~ <br> 입금이 확인되면 해당주문건이 ‘주문단계’에서 ‘결제완료’로 변경됩니다. <br> 기다려보신 후 변경이 되지 않으면 고객센터 1588-3745로 알려주세요. <br> 동원몰 전문상담사들이 빠르게 도와드리겠습니다~ <br> 동원몰을 이용해주셔서 감사합니다!,default,END
166,0-N,"그렇다면 주문하시며 설정해주신 입금은행, 입금자명, 입금금액이 동일하지 않아 처리되지 않은 경우일 수 있어요! <br> [공지사항]의 입금자 찾기 명단을 확인해주시거나, 정확한 입금정보를 고객센터 1588-3745로 알려주시면 확인처리 도와드리겠습니다. <br>동원몰 홈페이지 1:1맞춤상담에 글을 남겨주셔도 됩니다.<br><a href='javascript:window.parent.postMessage(\""http://www.dongwonmall.com/customer/counsel.do\"",\""*\"")'>\n<button class=\""ext_btn\"" type=\""button\"">고객센터 - 1:1 맞춤상담</button></a>",default,END
166,0-O,다른 도움이 필요하신가요? 질문해주세요!,default,BACK
167,0,"고객님 동원몰을 이용해주셔서 감사해요~ <br> 당사 입금계좌는 가상계좌로, 고객님께만 단독 부여되는 계좌입니다. <br> 입금하시는 분 성함이 다르더라도 가상계좌번호와 입금금액이 일치하면 입금 확인이 되고 있습니다. <br> 입금이 확인되면 해당주문건이 ‘주문단계’에서 ‘결제완료’로 변경됩니다.",default,seq
167,0_0,"저희 동원몰은 <br>오전 9시, 오후 2시, 오후 5시 하루 3번 입금확인을 진행하고 있습니다.  <br> 조금 더 기다려보시고, 변경이 되지 않으면 고객센터 1588-3745로 알려주세요.  <br> 동원몰 전문상담사들이 빠르게 도와드리겠습니다~",default,END
168,0,"고객님 전자금융거래 기본법에 따라 2005년 11월 1일부터 회원님의 개인정보 보호를 위해 안전결제(ISP), 안심클릭 결제서비스로 30만원 이상을 결제하실 경우 공인인증서 사용이 의무화 되었습니다.<br>안전한 온라인 거래를 위하여 공인인증서를 꼭 사용하시기 바랍니다.<br>아래는 공인인증 의무사용 관련 변동사항이오니 이용에 참고하시기 바랍니다.",default,seq
168,0_0,"[공인인증 의무화 관련<br>변동사항]<br><br>(1) 2004년 2월 10일부터 10만원이상 결제시 공인인증 의무화<br><br>(2) 2004년 4월 01일부터 30만원이상 결제시 공인인증 의무화로 제한금액 변경<br><br>(3) 2004년 9월 11일부터 공인인증서 의무화 적용이 공식적으로 2년간 유예됨<br>(단,비씨,국민카드는 30만원이상 결제시 공인인증 의무)<br><br>(4) 2005년 7월 20일부터 외환카드 30만원이상 결제시 공인인증 의무화로 변경<br><br>(5) 2005년 11월 1일부터 LG,롯데,신한,삼성,현대카드 등 30만원이상 결제시 공인인증 의무화로 변경에 따라서 동원몰에서 신용카드를 이용하여 온라인 결제시 공인인증서 발급을 통한 본인확인은 물론 각 신용카드사에서 사용하는 별도의 인증절차(안전결제ISP, 안심클릭)를 통하여 안전한 쇼핑을 하실수 있습니다.<br><br>보다 상세한 내용은 해당 카드사로 문의해 주시기 바랍니다.",default,END
169,0,"고객님 현금으로 결제하고 싶으신가요?<br><br>1. 결제수단 선택 시 실시간계좌이체/무통장입금(가상계좌) 중 선택 → 입금자명, 입금예정일 등록 → 주문확인 및 주문완료<br>(※ 주문 완료 후 필히 주문번호를 확인 요망)<br><br>2. 결제수단 무통장입금 선택 시 계좌번호를 발급해 드립니다.<br><br>3. 고객전용계좌와 입금금액이 정확해야만 신속한 확인이 가능합니다.",default,seq
169,0_0,"4. 가상계좌로 입금하시면 실시간으로 입금이 확인되어 고객님의 주문에 결제처리 됩니다.<br>(단, 은행 시스템에 따라 10~20분 정도 지연될 수 있습니다.)<br><br>5. 해외은행에서는 환율 등의 문제로 실시간계좌이체/가상계좌/ 무통장입금을 이용하실 수가 없습니다.",default,END
170,0,"고객님 결제가 완료된 주문건에 한하여 배송이 진행됩니다.<br>수량 한정 상품의 경우 결제된  순서대로 배송이 진행되며, 결제가 늦어지신 경우 결제가 되었더라도 품절 및 재고부족으로 주문이 취소될 수 있으니 이점 양해 부탁드립니다.",default,seq
170,0_0,"실시간계좌이체/무통장입금(가상계좌) 등 현금 결제수단을 선택하시고 입금 예정인 주문은 입금예정일로부터 3일이 경과되면 자동으로 주문이 취소됩니다.<br><br>저의 답변에 만족하셨나요?<br>더 궁금하신 점이 있다면 1:1 맞춤상담에 문의해보세요!<a href='javascript:window.parent.postMessage(\""http://www.dongwonmall.com/customer/counsel.do\"",\""*\"")'>\n<button class=\""ext_btn\"" type=\""button\"">고객센터 - 1:1 맞춤상담</button></a>",default,END
171,0,"고객님 적립금에 대해 질문주셨나요?<br>동원몰 적립금의 사용기간은 지급일로부터 1년이며, 고객님의 동원몰 활동 내역에 따라 레시피 등록 적립금, 베스트레시피 적립금, 베스트 체험후기 적립금 등을 지급해드리고 있습니다.<br><br>아래 버튼을 클릭하시면 다양한 동원몰 혜택을 확인하실 수 있습니다.<br><br><a href='javascript:window.parent.postMessage(""http://www.dongwonmall.com/benefit/member.do"",""*"")'>
<button class=""ext_btn"" type=""button"">동원몰 혜택 보러가기</button></a>",default,END
172,0,고객님<br>결제단계에서 현재 가지고 있는 적립금을 확인하실 수 있으며 고객님께서 직접 쓸 금액을 설정하실 수 있습니다. 가지고 있는 적립금 한도 내에서 원하시는 금액만큼 사용하시면 총 주문금액에서 해당 금액이 제외된 금액만 청구가 됩니다.,default,seq
172,0_0,"추가 문의사항이 있으실 경우 동원몰 고객센터 1588-3745 또는 1:1 맞춤상담에 문의하시면 맞춤 답변을 받으실 수 있습니다.<br><a href='javascript:window.parent.postMessage(\""http://www.dongwonmall.com/customer/counsel.do\"",\""*\"")'>\n<button class=\""ext_btn\"" type=\""button\"">고객센터 - 1:1 맞춤상담</button></a>",default,END
173,0,"고객님<br>다음과 같은 경우에 적립금이 소멸 됩니다.<br><br>- 회원탈퇴 시 자동 소멸 됩니다.<br>- 주문취소, 반품 시 해당주문에서 사용한 적립금은 다시 환원됩니다.<br>※ 적립금 소멸 시기 : 최종 적립일로부터 1년 동안 미사용 시 자동 소멸",default,seq
173,0_0,"추가 문의사항이 있으실 경우 동원몰 고객센터 1588-3745 또는 1:1 맞춤상담에 문의하시면 맞춤 답변을 받으실 수 있습니다.<br><a href='javascript:window.parent.postMessage(\""http://www.dongwonmall.com/customer/counsel.do\"",\""*\"")'>\n<button class=\""ext_btn\"" type=\""button\"">고객센터 - 1:1 맞춤상담</button></a>",default,END
174,0,"고객님 쿠폰에 대해 질문주셨나요?<br>동원몰 쿠폰은 쿠폰이 적용되는 상품을 고객님이 장바구니에 담았을 경우 자동적으로 보여지게 됩니다.<br>이 때, 원하시는 쿠폰을 선택하여 주문하시면 쿠폰금액만큼 할인 됩니다.<br><br>쿠폰과 관련하여 더 궁금하신 내용이 있다면 아래 버튼을 클릭해보세요!<button class=""dial_btn f"">쿠폰 사용</button>
<button class=""dial_btn"">쿠폰 종류</button>
<button class=""dial_btn"">쿠폰 다운</button>",default,END
175,0,"고객님 동원몰 쿠폰은 쿠폰이 적용되는 상품을 회원님이 장바구니에 담았을 경우 자동적으로 보여지게 됩니다.<br>이 때, 원하시는 쿠폰을 선택하여 주문하시면 쿠폰금액만큼 할인 됩니다.",default,seq
175,0_0,"쿠폰 적용은 '장바구니' 페이지에서 [선택상품주문] 또는 [전체상품주문] 버튼을 클릭하셔서 '주문서' 페이지로 넘어가신 후,  '회원/쿠폰할인'과 '플러스쿠폰할인' 옵션에서 조회 및 적용하시면 됩니다.",default,END
176,0,고객님 동원몰 쿠폰에는 유효기간이 있습니다.<br>유효기간동안 사용되지 않은 쿠폰은 자동 소멸되며 재발행되지 않습니다.<br>쿠폰 유효기간은 쿠폰마다 다르니 쿠폰 발행 시 유효기간을 확인하세요.<br>또한 회원 탈퇴 시 쿠폰은 자동 소멸되오니 이점 유의하시기 바랍니다.,default,END
177,0,"고객님 동원몰 쿠폰 다운<br>[쿠폰/혜택 - 쿠폰]에서 고객님만을 위한 다양한 쿠폰을 다운받으실 수 있습니다.<br><br>아래 버튼을 클릭하시면 쿠폰 다운 페이지로 이동합니다.<br>동원몰 쿠폰 활용하여 알뜰 쇼핑하세요~<br><a href='javascript:window.parent.postMessage(""http://www.dongwonmall.com/benefit/coupon.do"",""*"")'>
<button class=""ext_btn"" type=""button"">쿠폰/혜택 - 쿠폰</button></a>",default,END
178,0,"고객님 씨앗은 동원몰에서 제공하는 포인트 서비스입니다. <br>상품 구매시 사용할 수 있는 배송비 할인쿠폰으로 교환이 가능하며, 씨앗을 이용한 다양한 이벤트도 제공됩니다. <br> 교환하신 배송비 할인쿠폰은 교환일로부터 30일이내 사용가능합니다.",default,seq
178,0_0,"고객님 씨앗은 동원몰의 전용 포인트로, 적립금과 달리 결제에는 사용하실 수 없습니다. <br> 하지만 누적된 씨앗으로 배송비 할인쿠폰 교환, 이벤트 참여 등 다양한 서비스를 이용하실 수 있습니다. <br>※ 단, 체험단 배송비 결제는 불가합니다.",default,END
179,0,"고객님 씨앗은 동원몰의 전용 포인트로, 적립금과 달리 결제에는 사용하실 수 없습니다. <br> 하지만 누적된 씨앗으로 배송비 할인쿠폰 교환, 이벤트 참여 등 다양한 서비스를 이용하실 수 있습니다. <br>※ 단, 체험단 배송비 결제는 불가합니다.",default,seq
179,0_0,"지금 바로 씨앗 적립하러 가시겠어요?<br><button class=\""dial_btn f\"">네</button>\n<button class=\""dial_btn\"">아니오</button>",default,YNO
179,0_0-Y,"다양한 방법으로 씨앗을 적립하실 수 있어요!<br>아래의 버튼을 클릭하시면 씨앗 적립 방법에 대해 소개해드리는 페이지로 이동합니다.<br><br><a href='javascript:window.parent.postMessage(\""http://www.dongwonmall.com/benefit/seed.do\"",\""*\"")'>\n<button class=\""ext_btn\"" type=\""button\"">씨앗 가이드</button></a>",default,END
179,0_0-N,알겠습니다. <br> 쇼핑의 즐거움을 2배로~ 만들어주는 동원몰 씨앗 포인트 서비스 꼭 한 번 이용해보세요!,default,END
179,0_0-O,다른 도움이 필요하신가요? 저에게 질문해주세요!,default,BACK
180,0,"고객님 씨앗의 유효기간은 적립일로부터 180일입니다. 180일 안에 사용하지 않은 씨앗은 180일 이후 자동소멸 됩니다.<br>※ 씨앗의 지급, 사용 및 유효기간 등 씨앗정책과 관련된 모든 사항은 당사의 사정에 의해 변경될 수 있습니다.",default,seq
180,0_0,"소멸예정 씨앗 확인하러 가시겠어요?<br><button class=\""dial_btn f\"">네</button>\n<button class=\""dial_btn\"">아니오</button>",default,YNO
180,0_0-Y,"아래 버튼을 클릭하시면 사용 가능한 씨앗과 당월 미사용시 소멸예정인 씨앗을 확인하실 수 있는 페이지로 이동합니다!<br><br><a href='javascript:window.parent.postMessage(\""http://www.dongwonmall.com/mypage/benefit/mySeed.do\"",\""*\"")'>\n<button class=\""ext_btn\"" type=\""button\"">씨앗 확인하기</button></a>",default,END
180,0_0-N,알겠습니다~,default,END
180,0_0-O,다른 도움이 필요하신가요? 저에게 질문해주세요!,default,BACK
181,0,"고객님 씨앗은 해당 고객의 아이디로 부여된 것이기 때문에 타인에게 양도할 수 없습니다. <br><br>※ 씨앗의 지급, 사용 및 유효기간 등 씨앗정책과 관련된 모든 사항은 당사의 사정에 의해 변경될 수 있습니다.",default,seq
181,0_0,"양도 대신, 지금 바로 씨앗을 배송비 할인쿠폰으로 교환해서 유용하게 사용해보세요~<br> 아래 버튼을 클릭하시면, 씨앗을 배송비 할인쿠폰으로 교환하실 수 있는 페이지로 이동합니다!<br><br><a href='javascript:window.parent.postMessage(\""http://www.dongwonmall.com/benefit/seed.do\"",\""*\"")'>\n<button class=\""ext_btn\"" type=\""button\"">씨앗 배송비 쿠폰으로 교환하기</button></a>",default,END
182,0,"고객님 씨앗은 동원몰 정책에 따라 변경될 수 있으며, 서비스 운영의 필요 상 회원 씨앗 개수의 일부 또는 전부를 조정할 수 있습니다.<br>단, 이 경우에는 그 사유 및 내용을 회원에게 사전 공지합니다.",default,seq
182,0_0,또한 씨앗의 유효기간은 적립일로부터 180일입니다.<br>180일 안에 사용하지 않은 씨앗이 자동소멸되어 씨앗 적립 수에 변동이 생길 수 있으니 확인하시기 바랍니다.,default,END
183,0,"고객님 씨앗은 여러 활동들에 따라서 적립 시점이 상이합니다.<br>- 즉시 적립 : 로그인, 회원가입, 이메일 수신동의, SMS 수신동의, 추가정보입력, 출첵, 맛있는 폴, 이메일수신확인
<br>- 익일 적립 : 일반상품평, 블로그상품평, 문화초대후기, 체험단후기, 게시글 댓글
<br>- 승인 후 적립 : 첫상품평, 프리미엄상품평, 불량상품평신고, 오류신고",default,seq
183,0_0,"※ 승인 후 적립의 경우 작성/신고하신 모든 내용에 대하여 적립이 되지 않을 수 있습니다. 내용에 대한 검수 후에 올바른 상품평과 신고내용에 대해서만 적립이 됩니다.<br><br>추가 문의사항이 있으실 경우 동원몰 고객센터 1588-3745 또는 1:1 맞춤상담에 문의하시면 맞춤 답변을 받으실 수 있습니다.<br><a href='javascript:window.parent.postMessage(\""http://www.dongwonmall.com/customer/counsel.do\"",\""*\"")'>\n<button class=\""ext_btn\"" type=\""button\"">고객센터 - 1:1 맞춤상담</button></a>",default,END
184,0,"고객님 씨앗은 고객님의 다양하고 적극적인 활동을 통하여 모으실 수 있습니다.<br>씨앗 적립 가능한 활동 : 로그인, 회원가입, 이메일 수신동의, SMS수신동의, 추가정보입력, 상품평쓰기, 체험후기쓰기, 이벤트참여, 게시글 댓글, 이메일수신확인 등의 활동<br><br>아래 버튼을 클릭하시면 씨앗 적립방법 안내 페이지로 이동합니다.<br><a href='javascript:window.parent.postMessage(""http://www.dongwonmall.com/benefit/seed.do"",""*"")'>
<button class=""ext_btn"" type=""button"">씨앗 적립방법 보러가기</button></a>",default,END
185,0,고객님께서 사용하신 적립금의 종류를 확인해보아야 정확한 답변을 드릴 수 있습니다.,default,seq
185,0_0,"우선,  <font style=\""color:blue\"">동원몰 적립금</font>의 경우 주문취소, 반품 시 해당주문에서 사용한 적립금은 다시 환원됩니다. <br>그러나 <font style=\""color:red\"">쇼핑지원금</font>은 고객님 등급에 따라 매달 지원되는 지원금 또는 이벤트 참여에 따라 지급되는 것으로 주문취소, 반품 및 환불의 경우 복원이 불가능합니다. <br><br>다만, 제품의 하자 또는 출고 불가로 인한 경우에는 사용한 쇼핑지원금이라도 복원해드리오니 고객센터 1588-3745로 연락 부탁드립니다. <br>사용기한이 경과된 쇼핑지원금의 경우 상황에 따라 복원이 불가할 수 있습니다.",default,END
186,0,"고객님 쿠폰을 사용한 주문건을 취소할 경우 사용한 쿠폰은 환원되지 않습니다.<br>단, 동원몰의 잘못(상품품절, 배송지연등)으로 인해 취소한 경우에는 쿠폰을 재발급해 드리오니 동원몰 고객센터 1588-3745로 연락 부탁드립니다.<br><br>추가 문의사항이 있으실 경우 1:1 맞춤상담에 문의하시면 맞춤 답변을 받으실 수 있습니다.<br><a href='javascript:window.parent.postMessage(""http://www.dongwonmall.com/customer/counsel.do"",""*"")'>
<button class=""ext_btn"" type=""button"">고객센터 - 1:1 맞춤상담</button></a>",default,END
187,0,"고객님 불편드려 죄송합니다. <br>제가 지금 바로 복원을 도와드리고 싶지만, 인공지능인 제가 처리하는 것은 아직 조금 어려워요~<br> 대신 저희 동원몰 전문상담사들이 도와드리겠습니다. <br>동원몰 고객센터 1588-3745 또는 1:1 맞춤상담에 문의하시면 빠르게 처리해드릴게요.<br><a href='javascript:window.parent.postMessage(""http://www.dongwonmall.com/customer/counsel.do"",""*"")'>
<button class=""ext_btn"" type=""button"">고객센터 - 1:1 맞춤상담</button></a>",default,END
188,0,"고객님 교환 문의를 주셨네요!<br>정확한 교환 안내는 주문하신 상품 확인 후 가능합니다.<br>동원몰 교환기준에 대해 안내해드릴까요?<br><button class=""dial_btn f"">네</button>
<button class=""dial_btn"">아니오</button>",default,YNO
188,0-Y,,default,seq
188,0-Y_0,"고객님 동원몰 교환기준을 안내해드릴게요!<br><br>1. 고객변심으로 인한 교환 시, 반품 상품확인이 완료된 후에 교환상품이 배송됩니다. 단, 교환상품의 재고가 품절인 경우, 교환은 불가하며 반품만 가능합니다. 이때 반품 배송비는 소비자 부담입니다.<br>2. 다른 상품으로의 교환은 불가능하며, 이 경우는 해당 상품은 반품하시고, 원하시는 다른 상품을 재주문 하여 주시기 바랍니다.<br>3. 배달되어진 택배사를 통해 상품을 반품 합니다.<br>- 상품배달 시 동봉된 청약철회서를 작성하시어 반품하시는 상자 안에 넣어 주시기 바랍니다. (주문번호, 반품사유 등 기재)<br>- 반품하실 때 택배 기사에게 수령하신 반송장은 환불이 완료될 때까지 보관해 주시기 바랍니다.",default,seq
188,0-Y_1,"추가 문의사항이 있으실 경우 동원몰 고객센터 1588-3745 또는 1:1 맞춤상담에 문의하시면 맞춤 답변을 받으실 수 있습니다.<br><a href='javascript:window.parent.postMessage(\""http://www.dongwonmall.com/customer/counsel.do\"",\""*\"")'>\n<button class=\""ext_btn\"" type=\""button\"">고객센터 - 1:1 맞춤상담</button></a>",default,END
188,0-N,알겠습니다~,default,END
188,0-O,다른 문의가 있으신가요? 저에게 말씀해주세요!,default,BACK
189,0,"고객님 동원몰에서는 다음과 같은 기간 및 내용으로 교환을 보장하고 있습니다.<br><br>제품교환<br>(1) 고객변심으로 인한 교환시, 반품상품 확인이 완료된 후에 교환상품이 배송됩니다.<br>단, 교환상품의 재고가 품절인 경우, 교환은 불가하며 반품만 가능합니다.<br>이때 반품 배송비는 소비자 부담입니다.<br>(2) 다른 상품으로의 교환은 불가능하며, 이 경우는 해당 상품은 반품하시고 원하시는 다른 상품을 재주문하여 주시기 바랍니다.<br>(3)교환 사유가 발생하였을 때는 상품을 인수하신 지 30일 이내에 가능하나, 상품 특성상 처리 불가능한 경우가 있으며 상품 불량의 경우는 제외입니다.<br>식품의 경우 상품 특성상 포장을 개봉하시거나, 상품을 취식하신 후에는 반품이 절대 불가하오니 이점 유의하시기 바랍니다. 단, 제품하자 시에는 예외입니다.<br>※ 상품 설명에 교환 관련 안내가 기재된 경우 다음 안내사항보다 우선 적용됩니다.",default,seq
189,0_0,"고객님 제 답변에 만족하셨나요?<br>불만족하셨다면 아래 버튼을 클릭해주세요.<br>동원몰 자주묻는질문 페이지로 이동합니다.<br>교환/반품/AS 탭의 7번 게시글 동원몰의 교환 및 반품 정책은 어떻게 되나요? 를 클릭하시면 더욱 상세한 설명이 제공됩니다.<br><br><a href='javascript:window.parent.postMessage(\""http://www.dongwonmall.com/customer/faqList.do?BM_IDX=10010&BC_IDX=7&BC_SORT=1#this\"",\""*\"")'>\n<button class=\""ext_btn\"" type=\""button\"">교환 및 반품 정책 보러가기</button></a>",default,END
190,0,"고객님 교환 제품의 배송과 회수는 택배사를 통해 진행되기 때문에 배송일과 시간을 지정하기에는 어려움이 있습니다.<br>추가 문의사항이 있으실 경우 동원몰 고객센터 1588-3745 또는 1:1 맞춤상담에 문의하시면 맞춤 답변을 받으실 수 있습니다.<br><a href='javascript:window.parent.postMessage(""http://www.dongwonmall.com/customer/counsel.do"",""*"")'>
<button class=""ext_btn"" type=""button"">고객센터 - 1:1 맞춤상담</button></a>",default,END
191,0,"고객님 동원몰 교환기준을 안내해드릴게요!<br><br>1. 고객변심으로 인한 교환 시, 반품 상품확인이 완료된 후에 교환상품이 배송됩니다. 단, 교환상품의 재고가 품절인 경우, 교환은 불가하며 반품만 가능합니다. 이때 반품 배송비는 소비자 부담입니다.<br>2. 다른 상품으로의 교환은 불가능하며, 이 경우는 해당 상품은 반품하시고, 원하시는 다른 상품을 재주문 하여 주시기 바랍니다.<br>3. 배달되어진 택배사를 통해 상품을 반품 합니다.<br>- 상품배달 시 동봉된 청약철회서를 작성하시어 반품하시는 상자 안에 넣어 주시기 바랍니다. (주문번호, 반품사유 등 기재)<br>- 반품하실 때 택배 기사에게 수령하신 반송장은 환불이 완료될 때까지 보관해 주시기 바랍니다.",default,seq
191,0_0,"추가 문의사항이 있으실 경우 동원몰 고객센터 1588-3745 또는 1:1 맞춤상담에 문의하시면 맞춤 답변을 받으실 수 있습니다.<br><a href='javascript:window.parent.postMessage(\""http://www.dongwonmall.com/customer/counsel.do\"",\""*\"")'>\n<button class=\""ext_btn\"" type=\""button\"">고객센터 - 1:1 맞춤상담</button></a>",default,END
192,0,고객님 반품하려 하시나요? <br>죄송하지만 인공지능인 제가 바로 반품처리 하는 것은 아직 조금 어려워요~ <br>대신 저희 동원몰 전문상담사들이 도와드리겠습니다. <br>고객센터 1588-3745로 연락주시면 빠르게 처리해드릴게요~,default,seq
192,0_0,"필요하시면, 반품 절차에 대해 간단히 안내드릴까요? <br> 네 아니오로 말씀해주세요~",default,YNO
192,0_0-Y,"고객님 반품은 다음과 같이 처리됩니다. <br><br> 1) 고객님께서 수령하신 상자에 붙어있는 운송장의 주소 및 택배사를 확인해주세요. <br>2) ‘MY동원몰’에서 반품신청을 해주세요. <br> 3) 배달되어진 택배사를 통해 상품을 반품해주세요. <br>4) 반품제품 입고 후에 환불이 진행되며, 상황에 따라 반품이 불가할 수도 있습니다.",default,seq
192,0_0-Y_0,유의사항도 함께 보시겠어요? 네 아니오로 말씀해주세요~,default,YNO
192,0_0-Y_0-Y,"반품 시 유의사항입니다! <br> # 상품 배달시 동봉된 청약철회서를 작성하시어 반품하시는 상자 안에 넣어 주시기 바랍니다. <br>청약철회서가 없는 경우에는 별도 종이에 철회일자, 주문일자, 상품명, 금액, 성명, 철회사유, 주소 등을 기재하여 동봉하여 주시기 바랍니다. <br># 반품하실 때 택배기사에게 수령하신 반송장은 환불이 완료될 때까지 보관해주세요. <br># 상품하자, 오배송 등의 문제로 교환/반품을 하실 때 반품비는 고객센터 1588-3745로 연락주시고 사전접수 후 착불로 처리하시면 됩니다. <br>이외에 고객변심으로 인해 교환/반품을 하실 때는 고객센터 사전접수 후 고객님께서 별도로 배송비를 부담해주셔야 합니다.",default,END
192,0_0-Y_0-N,알겠습니다~,default,END
192,0_0-Y_0-O,네 아니오가 아닌 다른 답변을 주셨네요! <br>다른 도움이 필요하신가요? 질문해주세요!,default,BACK
192,0_0-N,알겠습니다. <br> 반품에 대한 안내는 저희 동원몰 홈페이지 [고객센터]-[자주묻는질문]-[교환/반품/AS] 게시판에서도 확인하실 수 있습니다.,default,END
192,0_0-O,네 아니오가 아닌 다른 답변을 주셨네요! <br>다른 도움이 필요하신가요? 질문해주세요!,default,BACK
193,0,고객님 동원몰에서 비회원으로 주문한 상품을 반품하고 싶으신가요? 네 아니오로 말씀해주세요~,default,YNO
193,0-Y,,default,END
193,0-N,알겠습니다~,default,END
193,0-O,네 아니오가 아닌 다른 답변을 주셨네요! <br>다른 도움이 필요하신가요? 질문해주세요!,default,BACK
194,0,"고객님 상품 반품 절차 안내해 드릴게요!<br><br>1. 배달되어진 상자에 붙어있는 운송장의 주소 및 택배사를 확인합니다. <br>2. [My 동원몰 - 주문/배송조회]에서 반품신청 합니다.<br>3. 배달되어진 택배사를 통해 상품을 반품 합니다.<br>- 상품배달시 동봉된 청약철회서를 작성하시어 반품하시는 상자 안에 넣어 주시기 바랍니다. 청약철회서가 없는 경우에는 별도 종이에 철회일자, 주문일자, 상품명, 금액, 성명, 철회사유, 주소 등을 기재하여 동봉하여 주시기 바랍니다.<br>- 반품하실 때 택배기사에게 수령하신 반송장은 환불이 완료될 때까지 보관해 주시기 바랍니다.<br>- 반품비는 상품하자, 오배송 등의 문제로 교환/반품을 하실때 고객센터로 접수해주시면 무료반품이 가능하며, 이외에 고객변심으로 인해 교환/반품을 하실때는 고객센터 사전접수 후 고객님께서 별도로 배송비를 부담해 주셔야 합니다.",default,seq
194,0_0,"※ 유의사항<br>반품 접수 절차 없이 임의로 반송할 경우, 반품내용을 확인할 수 없으므로 환불이 지연되거나 환불이 되지 않을 수 있습니다.<br>그러므로 반드시 [My 동원몰 - 주문/배송조회]에서 반품신청을 하시고, 반품절차에 따라 반품하여 주시기 바랍니다.",default,seq
194,0_1,"<a href='javascript:window.parent.postMessage(\""https://www.dongwonmall.com/mypage/myorder/myOrderList.do\"",\""*\"")'>\n<button class=\""ext_btn\"" type=\""button\"">MY 동원몰 - 주문/배송조회</button></a>\n<br><a href='javascript:window.parent.postMessage(\""http://www.dongwonmall.com/customer/counsel.do\"",\""*\"")'>\n<button class=\""ext_btn\"" type=\""button\"">고객센터 - 1:1 맞춤상담</button></a>",default,END
195,0,"고객님 현금으로 구매하셨나요? 카드로 구매하셨나요?<br><button class=""dial_btn f"">현금 결제</button>
<button class=""dial_btn"">카드 결제</button>",default,ABCD
195,0-A,"고객님 현금으로 구매하신 경우 부분 취소/부분 반품이 가능합니다. 취소/반품을 원하시는 상품의 금액만큼 고객님의 환불계좌로 입금해드립니다.<br><br>추가 문의사항이 있으실 경우 동원몰 고객센터 1588-3745 또는 1:1 맞춤상담에 문의하시면 맞춤 답변을 받으실 수 있습니다.<br><a href='javascript:window.parent.postMessage(\""http://www.dongwonmall.com/customer/counsel.do\"",\""*\"")'>\n<button class=\""ext_btn\"" type=\""button\"">고객센터 - 1:1 맞춤상담</button></a>",default,END
195,0-B,"고객님 신용카드로 구매하신 경우 취소/반품을 요청하신 상품에 한해 부분취소됩니다.<br><br>추가 문의사항이 있으실 경우 동원몰 고객센터 1588-3745 또는 1:1 맞춤상담에 문의하시면 맞춤 답변을 받으실 수 있습니다.<br><a href='javascript:window.parent.postMessage(\""http://www.dongwonmall.com/customer/counsel.do\"",\""*\"")'>\n<button class=\""ext_btn\"" type=\""button\"">고객센터 - 1:1 맞춤상담</button></a>",default,END
195,0-O,다른 도움이 필요하신가요? 저에게 질문해주세요!,default,BACK
196,0,"고객님<br>제품 반품시 보낼 주소지 확인은 [고객만족센터 - 1:1맞춤상담] 또는 동원몰 콜센터 1588-3745 로 문의해 주시기 바랍니다.<br><br>아래의 버튼을 클릭하시면 1:1 맞춤상담 게시판으로 이동합니다!<br><a href='javascript:window.parent.postMessage(""http://www.dongwonmall.com/customer/counsel.do"",""*"")'>
<button class=""ext_btn"" type=""button"">고객센터 - 1:1 맞춤상담</button></a>",default,END
197,0,고객님 환불하려 하시나요? <br>죄송하지만 인공지능인 제가 바로 환불처리하는 것은 아직 어려워요~ <br>대신 저희 동원몰 전문상담사들이 도와드리겠습니다. <br>고객센터 1588-3745로 연락주시면 빠르게 처리해드릴게요~,default,seq
197,0_0,"필요하시면, 환불 절차에 대해 간단히 안내드릴까요?<button class=\""dial_btn f\"">네</button><button class=\""dial_btn\"">아니오</button>",default,YNO
197,0_0-Y,,default,seq
197,0_0-Y_0,"고객님 [MY 동원몰 - 주문/배송조회]에서 취소/반품신청을 하시면 취소는 신청 후 3영업일 이내, 반품은 반품완료(반송 물건이 본사에 도착한 것이 확인되는 시점) 확인 후 3영업일 이내에 환불 처리해드립니다.<br>(주말 및 공휴일 제외)",default,seq
197,0_0-Y_1,"결제수단별 환불절차<br>- 현금결제 : 실시간계좌이체/가상계좌/무통장입금은 반품 확인 후 2~3일 이내에 고객님의 환불계좌로 결제하신 금액을 환불하여 드립니다.<br>- 신용카드: 신용카드로 결제하신 경우는 신용카드 승인이 취소되므로 결제 대금이 청구되지 않습니다. 신용카드 결제일에 대금이 청구될 경우 익월 신용카드 대금청구시 카드사에서 환급처리(마이너스 청구)해 드립니다.<br>- 적립금 : 고객님의 적립금은 사용하신 금액만큼 환원해 드립니다. (쇼핑지원금은 주문취소 시 복원되지 않습니다.)<br>- 쿠폰 : 결제시 사용한 쿠폰은 다시 환원되지 않습니다.<br><br>※ 환불은 반드시 주문자 본인 및 입금자 명의의 계좌로만 받으실 수 있습니다. 단, 주문자 본인 및 입금자 명의의 계좌로 환불이 없으실 경우, 주문자께서 고객센터(1588-3745)로 연락 주시면 본인 확인을 거친 후 환불 받으실 수 있습니다.",default,seq
197,0_0-Y_2,"추가 문의사항이 있으실 경우 동원몰 고객센터 1588-3745 또는 1:1 맞춤상담에 문의하시면 맞춤 답변을 받으실 수 있습니다.<br><a href='javascript:window.parent.postMessage(\""http://www.dongwonmall.com/customer/counsel.do\"",\""*\"")'>\n<button class=\""ext_btn\"" type=\""button\"">고객센터 - 1:1 맞춤상담</button></a>",default,END
197,0_0-N,알겠습니다. <br> 환불에 대한 안내는 저희 동원몰 홈페이지 [고객센터]-[자주묻는질문]-[교환/반품/AS] 게시판에서도 확인하실 수 있습니다.,default,END
197,0_0-O,네 아니오가 아닌 다른 답변을 주셨네요! <br>다른 도움이 필요하신가요? 질문해주세요!,default,BACK
198,0,"고객님 홈페이지 상단의 ‘MY동원몰’에서 주문/배송조회를 클릭해보세요. <br>해당 주문건의 ‘주문현황’란에 뭐라고 쓰여있나요?<br><button class=""dial_btn f"">주문접수</button>
<button class=""dial_btn"">결제완료</button>
<button class=""dial_btn"">발송지연</button>
<button class=""dial_btn"">발송완료</button>
<button class=""dial_btn"">배송중</button>
<button class=""dial_btn"">배송완료</button>
<button class=""dial_btn"">발송준비</button>",default,ABCD
198,0-A,"고객님 현 상태에서는 취소신청이 가능하십니다. <br>단, 발송지연의 경우 고객센터 1588-3745 로 문의후 취소 가능합니다.",default,END
198,0-B,"고객님 현 상태에서는 이미 상품이 출고되어 취소신청은 불가하고, 반품신청하셔야 합니다. 반품에 대한 정보가 필요하세요?",default,YNO
198,0-B-Y,,default,seq
198,0-B-Y_0,고객님 반품하려 하시나요? <br>죄송하지만 인공지능인 제가 바로 반품처리 하는 것은 아직 조금 어려워요~ <br>대신 저희 동원몰 전문상담사들이 도와드리겠습니다. <br>고객센터 1588-3745로 연락주시면 빠르게 처리해드릴게요~,default,seq
198,0-B-Y_1,"필요하시면, 반품 절차에 대해 간단히 안내드릴까요? <br> 네 아니오로 말씀해주세요~",default,YNO
198,0-B-Y_1-Y,"고객님 반품은 다음과 같이 처리됩니다. <br><br> 1) 고객님께서 수령하신 상자에 붙어있는 운송장의 주소 및 택배사를 확인해주세요. <br>2) ‘MY동원몰’에서 반품신청을 해주세요. <br> 3) 배달되어진 택배사를 통해 상품을 반품해주세요. <br>4) 반품제품 입고 후에 환불이 진행되며, 상황에 따라 반품이 불가할 수도 있습니다.",default,seq
198,0-B-Y_1-Y_0,유의사항도 함께 보시겠어요? 네 아니오로 말씀해주세요~,default,YNO
198,0-B-Y_1-Y_0-Y,"반품 시 유의사항입니다! <br> # 상품 배달시 동봉된 청약철회서를 작성하시어 반품하시는 상자 안에 넣어 주시기 바랍니다. <br>청약철회서가 없는 경우에는 별도 종이에 철회일자, 주문일자, 상품명, 금액, 성명, 철회사유, 주소 등을 기재하여 동봉하여 주시기 바랍니다. <br># 반품하실 때 택배기사에게 수령하신 반송장은 환불이 완료될 때까지 보관해주세요. <br># 상품하자, 오배송 등의 문제로 교환/반품을 하실 때 반품비는 고객센터 1588-3745로 연락주시고 사전접수 후 착불로 처리하시면 됩니다. <br>이외에 고객변심으로 인해 교환/반품을 하실 때는 고객센터 사전접수 후 고객님께서 별도로 배송비를 부담해주셔야 합니다.",default,END
198,0-B-Y_1-Y_0-N,알겠습니다~,default,END
198,0-B-Y_1-Y_0-O,네 아니오가 아닌 다른 답변을 주셨네요! <br>다른 도움이 필요하신가요? 질문해주세요!,default,BACK
198,0-B-Y_1-N,알겠습니다. <br> 반품에 대한 안내는 저희 동원몰 홈페이지 [고객센터]-[자주묻는질문]-[교환/반품/AS] 게시판에서도 확인하실 수 있습니다.,default,END
198,0-B-Y_1-O,네 아니오가 아닌 다른 답변을 주셨네요! <br>다른 도움이 필요하신가요? 질문해주세요!,default,BACK
198,0-B-N,알겠습니다~,default,END
198,0-B-O,네 아니오가 아닌 다른 답변을 주셨네요! <br>다른 도움이 필요하신가요? 질문해주세요!,default,BACK
198,0-O,다른 도움이 필요하신가요? 질문해주세요!,default,BACK
199,0,고객님 환불을 기다리고 계시는군요. <br>오래 기다리게 해드려 죄송합니다~ <br>환불 기다리시는 주문 건의 현재 주문상태값이 어떻게 되나요?<br>주문상태값은 ‘MY동원몰’ ? ‘주문/배송 조회’ ? ‘주문현황’ 란에 쓰여있는 값입니다.,default,ABCD
199,0-A,고객님 카드 결제하셨나요? 현금결제하셨나요?,default,YNO
199,0-A-Y,"고객님 현재 ‘주문취소’ 상태이시네요.  <br>카드 결제의 경우 ‘주문취소’ 시점 기준으로부터, 카드사 내에서 영업일 기준 3~5일 정도 소요됩니다. <br>해당카드사 통해 직접 확인 부탁드리며, 추가 문의사항 발생시 고객센터 1588-3745로 연락주시면 도와드리겠습니다.",default,END
199,0-A-N,"고객님 현금 결제에 대한 환불은 매주 화요일과 목요일에 진행됩니다. <br>주문취소 접수일로부터 그 다음 화요일 또는 목요일에 환불됩니다. <br> 이는 통상적인 경우로, 고객님의 주문 건에 대한 정확한 환불일자 안내는 고객센터 1588-3745로 연락주시면 도와드리겠습니다.",default,END
199,0-A-O,"현금결제, 카드결제가 아닌 다른 답변을 주셨네요! <br>다른 도움이 필요하신가요? 질문해주세요!",default,BACK
199,0-B,고객님 카드 결제하셨나요? 현금결제하셨나요?,default,YNO
199,0-B-Y,"고객님 현재 ‘환불완료’ 상태이시네요.  <br>카드 결제의 경우 ‘환불완료’ 시점 기준으로부터 고객님께 실제로 환불이 되기까지 카드사 내에서 영업일 기준 3~5일 정도 소요됩니다. <br> 이는 통상적인 경우로, 고객님의 주문 건에 대한 정확한 환불일자 안내는 고객센터 1588-3745로 문의주시면 도와드리겠습니다.",default,END
199,0-B-N,고객님 이미 고객님께서 요청하신 계좌로 환불완료되었습니다.  <br>확인 부탁드립니다.  <br>환불이 되지 않은 경우에는 고객센터 1588-3745로 문의주시면 도와드리겠습니다.,default,END
199,0-B-O,"현금결제, 카드결제가 아닌 다른 답변을 주셨네요! <br>다른 도움이 필요하신가요? 질문해주세요!",default,BACK
199,0-C,"고객님 현재 ‘반품접수’ 상태이시네요.<br> 반품제품 입고된 후 환불이 가능합니다. <br>카드 결제의 경우 ‘환불완료’ 시점 기준으로부터 고객님께 실제로 환불이 되기까지 카드사 내에서 영업일 기준 3~5일 정도 소요됩니다. <br>현금 결제에 대한 환불은 매주 화요일과 목요일에 진행됩니다. <br>환불신청 접수일로부터 그 다음 화요일 또는 목요일에 환불됩니다. <br>이는 통상적인 경우로, 자세한 안내는 고객센터 1588-3745로 문의주시면 도와드리겠습니다.",default,END
199,0-D,"고객님 현재 ‘반품지시’ 상태이시네요. <br>고객님의 반품제품이 아직 입고되지 않은 상태입니다.  <br>반품제품 입고된 후 환불이 가능합니다.  <br>카드 결제의 경우 ‘환불완료’ 시점 기준으로부터 고객님께 실제로 환불이 되기까지 카드사 내에서 영업일 기준 3~5일 정도 소요됩니다.  <br>현금 결제에 대한 환불은 매주 화요일과 목요일에 진행됩니다.  <br>환불신청 접수일로부터 그 다음 화요일 또는 목요일에 환불됩니다. <br> 이는 통상적인 경우로, 자세한 안내는 고객센터 1588-3745로 문의주시면 도와드리겠습니다.",default,END
199,0-E,"고객님 현재 ‘반품완료’ 상태이시네요. <br>반품제품 입고된 것으로 보여지며, 2~3일 내에 환불접수 및 환불처리 될 예정입니다. <br>카드 결제의 경우 ‘환불완료’ 시점 기준으로부터 고객님께 실제로 환불이 되기까지 카드사 내에서 영업일 기준 3~5일 정도 소요됩니다. <br>현금 결제에 대한 환불은 매주 화요일과 목요일에 진행됩니다.<br> 환불신청 접수일로부터 그 다음 화요일 또는 목요일에 환불됩니다. <br>이는 통상적인 경우로, 자세한 안내는 고객센터 1588-3745로 문의주시면 도와드리겠습니다.",default,END
199,0-F,"고객님 현금 결제에 대한 환불은 매주 화요일과 목요일에 진행됩니다. <br>환불신청 접수일로부터 그 다음 화요일 또는 목요일에 환불됩니다. <br> 이는 통상적인 경우로, 고객님의 주문 건에 대한 정확한 환불일자 안내는 고객센터 1588-3745로 연락주시면 도와드리겠습니다.",default,END
200,0,"고객님 [MY 동원몰 - 주문/배송조회]에서 취소/반품신청을 하시면 취소는 신청 후 3영업일 이내, 반품은 반품완료(반송 물건이 본사에 도착한 것이 확인되는 시점) 확인 후 3영업일 이내에 환불 처리해드립니다.<br>(주말 및 공휴일 제외)",default,seq
200,0_0,"결제수단별 환불절차<br>- 현금결제 : 실시간계좌이체/가상계좌/무통장입금은 반품 확인 후 2~3일 이내에 고객님의 환불계좌로 결제하신 금액을 환불하여 드립니다.<br>- 신용카드: 신용카드로 결제하신 경우는 신용카드 승인이 취소되므로 결제 대금이 청구되지 않습니다. 신용카드 결제일에 대금이 청구될 경우 익월 신용카드 대금청구시 카드사에서 환급처리(마이너스 청구)해 드립니다.<br>- 적립금 : 고객님의 적립금은 사용하신 금액만큼 환원해 드립니다. (쇼핑지원금은 주문취소 시 복원되지 않습니다.)<br>- 쿠폰 : 결제시 사용한 쿠폰은 다시 환원되지 않습니다.<br><br>※ 환불은 반드시 주문자 본인 및 입금자 명의의 계좌로만 받으실 수 있습니다. 단, 주문자 본인 및 입금자 명의의 계좌로 환불이 없으실 경우, 주문자께서 고객센터(1588-3745)로 연락 주시면 본인 확인을 거친 후 환불 받으실 수 있습니다.",default,seq
200,0_1,"추가 문의사항이 있으실 경우 동원몰 고객센터 1588-3745 또는 1:1 맞춤상담에 문의하시면 맞춤 답변을 받으실 수 있습니다.<br><a href='javascript:window.parent.postMessage(\""http://www.dongwonmall.com/customer/counsel.do\"",\""*\"")'>\n<button class=\""ext_btn\"" type=\""button\"">고객센터 - 1:1 맞춤상담</button></a>",default,END
201,0,"고객님 동원몰에서는 동원, 코스트코, 메가마트 상품을 한번에 쇼핑하고, 모두 한번에 배송받으실 수 있습니다!<br>동원몰만의 스마트한 합배송서비스!<br>밴드배송, 쿨밴드배송으로 편하게 장보세요~",default,END
202,0,"고객님 밴드배송이란 <font style=""color:red"">동원상품, 코스트코, 메가마트</font>의 <font style=""color:red"">상온 상품</font>을 <b>한번에 쇼핑하고! 한번에 배송받는!</b> 동원몰의 스마트한 합배송서비스입니다.",default,seq
202,0_0,"업체배송은 외부 입점업체 제품으로, 해당 업체에서 제품이 출고가 되는 것을 의미합니다. <br><br>입점업체 상품은 각 업체별 배송정책에 따라 배송비를 적용하고 있지만, <b>밴드배송 상품은 3만원 이상 구매 시 무료배송</b>해드립니다!",default,seq
202,0_1,"동원몰 상단 메뉴바의 [밴드배송] 클릭 시 보여지는 페이지 내 상품들이 바로 밴드배송 상품입니다.<br><font style=\""color:orange\"">주황색 밴드배송</font> 아이콘이 표시되어 있어요~<br> 아래 버튼 클릭하고 밴드배송을 만나보세요<a href='javascript:window.parent.postMessage(\""http://www.dongwonmall.com/display/band.do?cate_id=01120008\"",\""*\"")'>\n<button class=\""ext_btn\"" type=\""button\"">밴드배송 상품 보러가기</button></a>",default,END
203,0,"고객님 쿨밴드배송이란 <font style=""color:blue"">동원상품, 코스트코, 메가마트</font>의 <font style=""color:blue"">냉장냉동 상품</font>을 <b>한번에 쇼핑하고! 한번에 배송받는!</b> 동원몰의 스마트한 합배송서비스입니다. <br>아이스박스에 아이스젤, 하절기에는 드라이아이스까지 꽁꽁 포장해서 배송하니까! 냉장냉동 상품 쇼핑도 안심하실 수 있어요~",default,seq
203,0_0,"업체배송은 외부 입점업체 제품으로, 해당 업체에서 제품이 출고가 되는 것을 의미합니다. <br>입점업체 상품은 각 업체별 배송정책에 따라 배송비를 적용하고 있지만, <b>쿨밴드배송 상품은 3만원 이상 구매 시 무료배송</b>해드립니다! ",default,seq
203,0_1,"동원몰 상단 메뉴바의 [쿨밴드배송] 클릭 시 보여지는 페이지 내 상품들이 바로 쿨밴드배송 상품입니다.<br><font style=\""color:blue\"">하늘색 쿨밴드배송</font> 아이콘이 표시되어 있어요~<br> 아래 버튼 클릭하고 쿨밴드배송을 만나보세요<a href='javascript:window.parent.postMessage(\""http://www.dongwonmall.com/display/band.do?cate_id=01120009\"",\""*\"")'>\n<button class=\""ext_btn\"" type=\""button\"">쿨밴드배송 상품 보러가기</button></a>",default,END
204,0,"고객님 배송비가 궁금하시군요! <br><br>제품 보관 및 관리 특성상 배송 포장 유형이 달라 질 수 있습니다. 자세한 내용은 상품 개별페이지를 확인하시기 바랍니다.<br><br>
- 밴드배송/쿨밴드배송<br>
3만원 이상 구매시 전 상품(냉장배송포함) 무료배송<br>
3만원 미만 주문시 상온제품은 2,500원 / 냉장냉동제품은 3,500원의 배송비가 부과됩니다.<br>
단, 3만원 미만이라도 일부 상품은 무료배송 될 수 있으니 자세한 내용은 상품 개별페이지를 확인해주시기 바랍니다.<br><br>
- 업체(제휴) 배송 제품<br>
업체배송 제품의 배송비는 업체별 배송정책에 따라 달라질 수 있습니다. 상품 개별페이지에 배송비를 확인해 주시기 바랍니다. 
",default,seq
204,0_0,"각각의 주문건에 대해 수령지가 일치할 경우 합포장 되어 배송될 수 있으며, 이로 인한 배송료 환불은 불가합니다.<br>※ 주문건에 대한 별도 포장을 원하시는 경우, 수령인명(혹은 주소지)를 다르게 표기하셔야 합니다.<br><br>추가 문의사항이 있으실 경우 1:1 맞춤상담에 문의하시면 맞춤 답변을 받으실 수 있습니다.<br><a href='javascript:window.parent.postMessage(\""http://www.dongwonmall.com/customer/counsel.do\"",\""*\"")'>\n<button class=\""ext_btn\"" type=\""button\"">고객센터 - 1:1 맞춤상담</button></a>",default,END
205,0,고객님 반품배송비가 궁금하시군요! <br>반품 사유에 따라 배송비가 달라집니다~<br> 반품사유가 단순 고객변심이신가요? 상품하자의 문제이신가요?,default,ABCD
205,0-A,"고객님 상품하자 등의 문제로 교환/반품을 하실 경우 무료반품이 가능하며, 고객센터 사전 접수 부탁드립니다~ <br># 반품 접수 절차 없이 임의로 반송할 경우, 반품내용을 확인할 수 없으므로 환불이 지연되거나 환불이 되지 않을 수 있습니다. <br>그러므로 반드시 동원몰 고객센터 1588-3745로 접수하시거나<br> 홈페이지 상단의 ‘MY 동원몰’의 ‘주문/배송확인’에서 ‘반품신청’을 하시고, 반품절차에 따라 반품하여주세요!",default,seq
205,0-A_0,제 답변에 만족하셨나요? <br>보다 자세한 상담을 원하실 경우 동원몰 고객센터 1588-3745로 연락주세요! <br>저희 동원몰 전문상담사들이 도와드리겠습니다.,default,END
205,0-B,"고객님 단순 고객변심에 의한 교환/반품인 경우 고객님께서 반품관련 왕복배송비를 부담하셔야 합니다. <br>고객변심에 의해 반품시 배송비를 보내지 않으시면 환불이 불가능 하오니,<br>반드시 사전에 고객센터 접수 후 배송비를 부담해주셔야 해요~# 반품 접수 절차 없이 임의로 반송할 경우, 반품내용을 확인할 수 없으므로 환불이 지연되거나 환불이 되지 않을 수 있습니다. <br>그러므로 반드시 동원몰 고객센터 1588-3745로 접수하시거나<br> 홈페이지 상단의 ‘MY 동원몰’의 ‘주문/배송확인’에서 ‘반품신청’을 하시고, 반품절차에 따라 반품하여주세요!",default,END
205,0-O,"상품하자, 고객변심이 아닌 다른 답변을 주셨네요! <br>다른 도움이 필요하신가요? 질문해주세요!",default,BACK
206,0,"1. 동원몰 배송정책<br>(1) 동원몰의 배송은 동원몰 물류센터 배송상품과 각 입점업체별 배송제품에 따라 별도 적용됩니다.<br>동원몰 물류센터 배송상품은 3만원 이상 구매시 무료배송, 입점업체 상품은 각 업체별 배송정책에 따라 적용을 원칙으로 하고 있습니다.<br>일부 도서, 산간 지역은 배송불가하거나 배송기간이 길어질 수 있으며, 추가 배송비가 발생할 수 있습니다.<br>자세한 사항은 상품 개별페이지를 확인하시기 바랍니다.<br><br>(2) 배송 포장 유형이 개별배송인 상품의 경우 상품을 한번에 같이 주문하셔도 따로 배송될 수 있습니다.<br>배송지연 등에 따른 소비자 피해에 대해서는 소비자 피해 보상규정(제정경제부 고시)을 적용합니다.",default,seq
206,0_0,"2. 동원몰 배송 포장 유형<br>동원몰에서는 안전하고 신선한 배송을 위하여 포장유형별 배송을 실시하고 있으며, 상품 개별페이지에서 배송아이콘으로 확인이 가능합니다.<br><br>- 밴드배송 : 상온 보관되는 상품들로 박스포장되어 배송됩니다.<br>\n- 쿨밴드배송 : 냉장/ 냉동 보관되는 상품들로 아이스박스 포장되어 주문한 제품 모두 합배송됩니다.<br>\n- 부분합배송 : 개별로 주문인 경우 제조공장에서 직접 배송, 다른 제품과 함께 주문시 합배송됩니다.<br>\n- 업체배송 : 업체에서 배송되는 제품들로 입점업체에서 직접 배송됩니다. (업체별 택배사가 다를 수 있습니다.)<br> \n- 개별배송 : 제조공장에서 직접 배송되는 제품들로 개별로 배송됩니다.\n<br><br>추가 문의사항이 있으실 경우 동원몰 고객센터 1588-3745 또는 1:1 맞춤상담에 문의하시면 맞춤 답변을 받으실 수 있습니다.<br><a href='javascript:window.parent.postMessage(\""http://www.dongwonmall.com/customer/counsel.do\"",\""*\"")'>\n<button class=\""ext_btn\"" type=\""button\"">고객센터 - 1:1 맞춤상담</button></a>",default,END
207,0,"고객님 일부 도서, 산간 지역은 배송불가하거나 배송기간이 길어질 수 있으며 추가 배송비가 발생할 수 있습니다.<br>도서산간 지역의 경우, 배송지연으로 인한 클레임 처리가 불가할 수 있습니다.",default,seq
207,0_0,"저의 답변에 만족하셨나요?<br>추가 문의사항이 있으실 경우 동원몰 고객센터 1588-3745 또는 1:1 맞춤상담에 문의하시면 맞춤 답변을 받으실 수 있습니다.<br><a href='javascript:window.parent.postMessage(\""http://www.dongwonmall.com/customer/counsel.do\"",\""*\"")'>\n<button class=\""ext_btn\"" type=\""button\"">고객센터 - 1:1 맞춤상담</button></a>",default,END
208,0,"고객님 동원몰에서 비회원으로 주문하시더라도 주문번호를 알고 계시는 경우 홈페이지 상단의 주문배송조회를 클릭하시거나 아래의 버튼을 클릭하시면 배송확인이 가능합니다.<br><br><a href='javascript:window.parent.postMessage(""https://www.dongwonmall.com/secure/findOrder.do"",""*"")'>
<button class=""ext_btn"" type=""button"">비회원 주문/배송 조회하기</button></a>",default,seq
208,0_0,"하지만 상세한 주문관리 및 각종 회원혜택을 받으시려면 회원가입을 하시는 편이 더 편리합니다.<br>아래의 버튼을 클릭하시면 회원가입 페이지로 이동합니다.<br><a href=\""javascript:window.parent.postMessage('https://www.dongwonmall.com/member/join/step1.do','*')\""><button class=\""ext_btn\"">동원몰 회원가입 하러가기</button></a>",default,END
209,0,"고객님 밴드/쿨밴드 상품은<br><font style=""color:red"">3만 원 이상 주문 시 무료배송</font>됩니다.",default,seq
209,0_0,"외부 입점업체 및 개별배송 상품은 입점업체별 별도 정책에 따르며, 3만 원 미만이라도<br>일부 상품은 무료배송 되오니 자세한 내용은 개별 상품페이지 배송란을 참조하여 주시기 바랍니다.",default,END
210,0,"고객님 죄송하지만 현재 당사에서 주문하는 상품에 대해서는 지정일 배송이 되지 않습니다.<br>일부 업체 배송 상품의 경우 가능한 경우도 있사오니 고객센터 1588-3745로 문의주시거나,<br>동원몰 홈페이지 MY동원몰 또는 고객만족센터 - 1:1맞춤상담 게시판에 접수 부탁드립니다.",default,END
211,0,"1. 평균배송기간은 결제일로부터 영업일 기준으로 2~3일(토요일, 공휴일 제외) 정도 소요되며 업체별 재고상황, 택배사 사정에 따라 다소 지연될 수 있습니다.<br><br>★월~목요일 주문★<br>- 12시 이전 주문 → 당일 출고 + 1일 배송<br>- 12시 이후 주문 → 익일 출고 + 1일 배송<br><br>★금요일 주문★<br>- 12시 이전 주문 → 당일 출고 + 1일 배송<br>- 12시 이후 주문 → 월요일 출고 화요일 배송<br><br>★토요일/일요일/공휴일 주문★<br>- 토요일/일요일 → 월요일 출고 화요일 배송<br>- 공휴일 OR 비영업일 → 익일출고 + 2일 배송<br><br>※ 김치(냉장) 등 직송상품과 밴드배송(상온)을 동시에 주문할 경우는 각각 개별 배송됩니다.",default,seq
211,0_0,"2. 도서지역 및 산간지역의 경우 평균 배송일보다 1~2일정도 더 소요될 수 있습니다. (토요일, 공휴일 제외)<br><br>3. 결제수단이 실시간계좌이체/가상계좌/무통장입금인 경우 입금확인이 된 후 상품발송을 진행하므로 배송 기간이 다소 늦어질 수 있습니다. <br><br>추가 문의사항이 있으실 경우 동원몰 고객센터 1588-3745 또는 1:1 맞춤상담에 문의하시면 맞춤 답변을 받으실 수 있습니다.<br><a href='javascript:window.parent.postMessage(\""http://www.dongwonmall.com/customer/counsel.do\"",\""*\"")'>\n<button class=\""ext_btn\"" type=\""button\"">고객센터 - 1:1 맞춤상담</button></a>",default,END
212,0,고객님 동원몰의 상품 배송은 합배송인 상품과 개별배송인 상품으로 나누어져 있어 주문하신 상품의 배송유형에 따라 배송됩니다.<br>또한 상품의 재고상태에 따라 배송이 지연될 경우가 있사오니 이점 양해해주시기 바랍니다.,default,seq
212,0_0,"미배송 또는 배송지연 상품의 진행현황은 아래 버튼을 클릭하시거나 홈페이지 MY동원몰-주문배송조회에서 확인하실 수 있습니다. <br><br><a href='javascript:window.parent.postMessage(\""http://www.dongwonmall.com/mypage/myorder/myOrderList.do\"",\""*\"")'>\n<button class=\""ext_btn\"" type=\""button\"">주문/배송조회 바로가기</button></a>",default,END
213,0,"고객님께서 받으신 SMS 문자는 동원몰에서 택배사로 상품을 인도하는 시점에 시스템 등록 시 자동 발송되는 자동안내 메시지입니다.<br>시스템상의 등록이 지연되어 상품 수령 후에 SMS 문자를 발송하게 되었습니다.<br>상품이 이중 배송되는 것은 아니며, 고객님께 불편을 드려 죄송합니다.<br>더 나은 동원몰이 되겠습니다.",default,END
214,0,고객님 상품에 대해 문의주셨나요?<br>죄송하지만 아직은 상품관련 상담 서비스가 어렵습니다.,default,seq
214,0_0,"해당 상품페이지의 상품Q&A 또는 1:1맞춤상담 게시판에 문의글을 남겨주시거나, 동원몰 고객센터 1588-3745로 연락주시면 전문 상담원이 도와드리겠습니다!",default,END
215,0,"고객님 대량구매 원하시나요?<br>동원선물세트 <font style=""color:red"">100세트</font> 이상 구매 시, 별도의 견적서비스를 받으실 수 있습니다.<br>특별한 가격제안! 대량구매 상담 받아보세요~",default,seq
215,0_0,"동원 선물세트 대량구매 상담은<br>02-589-3168/3949<br>로 문의하시거나 온라인 상담 게시판으로 문의하시면 됩니다!<br> 아래의 '온라인 상담하기'를 누르시면 해당 페이지로 이동합니다!<br><br> <a href=\""javascript:window.parent.postMessage('http://www.dongwonmall.com/boardCooperation/new_biz_order_giftset.do,'*')\"">'온라인 상담하기'</a>",default,END
216,0,"고객님 1만원 미만 추천 선물세트입니다!<br>아래의 버튼을 누르시면 행사 페이지로 이동합니다!<a href='javascript:window.parent.postMessage(""http://www.dongwonmall.com/display/plan.do?seq=00000001600#planshopList1"",""*"")'><button class=""ext_btn"" type=""button"">1만원 미만 추천 선물세트 보러 가기!</button>",default,END
217,0,고객님!<br>名品 그 특별한 가치를 아시는 분을 위해 만든<br>양반 명품김치 상품권 등록하시려구요?<br><br>상품권 등록은 동원몰 홈페이지 맨하단 우측<br>양반 명품 김치 상품권 등록을 클릭하시면<br>해당 페이지로 이동합니다!,default,seq
217,0_0,"등록 페이지로 바로 이동을 원하시는 분께서는 아래 버튼을 클릭해주세요!<br>해당 페이지로 이동합니다~<br><button class=\""ext_btn\""><a href=\""javascript:window.parent.postMessage('http://www.dongwonmall.com/kimchi/order/form.do','*')\"">양반 명품 김치상품권 등록하기</a></button>",default,END
218,0,"고객님!<br>임직원 복지포인트를 받지 못하셨나요?<br>가입 후 임직원 사번까지 인증 완료하셨나요?<button class=""dial_btn f"">인증 완료했어요</button>
<button class=""dial_btn"">아직 인증 못했어요</button>",default,ABCD
218,0-A,고객님 불편을 드려 죄송합니다.<br>F&B 온라인사업부 복지포인트 담당자에게 문의 부탁드립니다. 감사합니다.,default,END
218,0-B,임직원 사번까지 인증을 마치셔야 복지 포인트가 지급됩니다.,default,seq
218,0-B_0,고객님 임직원 인증은 동원몰 홈페이지 상단 'MY동원몰'<br>클릭하신 후 좌측 메뉴 하단의 '회원정보 관리' → '개인정보변경' 을 클릭하시면 됩니다.,default,seq
218,0-B_1,"개인정보변경' 페이지 이동 후<br>맨 하단 '동원 임직원정보 입력' 란의 소속사를 선택하시고, 사번까지 입력하신 후 [임직원 인증] 버튼을 누르시면 완료됩니다.",default,END
219,0,"고객님~ 어떤 식용유를 사용해도 튀김을 할 때 거품이 나고 튀는 현상이 나타날 수 있어요.<br>여기엔
 여러가지 이유가 있는데요, 그 중 대표적인 몇 가지 원인 푸디가 소개해드릴게요~!",default,seq
219,0_0,"1. 기름을 장시간 사용하여 열화되고, 찌꺼기가 많고, 기름에 수분함량이 많을 때<br>2. 튀김 시 기름의 온도가 높을 때 (170~180℃ 이상일 경우)<br>3. 물기를 많이 가진 음식물을 튀길 때 등의 상황에서 거품이 나고 튀는 현상이 나타난답니다!",default,END
220,0,"딸기쨈이나 포도당에 함유되어 있는 붉은 색을 띠는 안토시아닌 색소는 온도, 광선 등에 의해 퇴색하게 됩니다.<br>온도가 높은 광선의 양이 많을수록 퇴색속도가 빠르므로 가능하면 저온 유통 및 보관하셔야 합니다.",default,END
221,0,"고객님~ 동원몰 신규회원의 경우<br>쇼핑지원금 2000원과 동원상품 10% 할인혜택을 받으실 수 있으며, <font style=""color:red"">My동원몰 - 회원혜택</font> 페이지에서 직접 다운로드 가능합니다!<br>신규회원님께서는 아래 버튼 클릭하셔서 혜택받아가세요~<a href='javascript:window.parent.postMessage(""http://www.dongwonmall.com/benefit/member.do"",""*"")'>
<button class=""ext_btn"" type=""button"">신규 혜택 받으러 가기</button></a>",default,END
222,0,"고객님! 로그인 원하시나요?<br>아래 버튼을 클릭하시면 로그인 창으로 이동합니다.
<button class=""ext_btn"" type=""button"">로그인 하러가기!</button></a>",default,seq
223,0,"고객님 <font style=""color:red"">프리미엄</font> 등급은<br> 최근 3개월 기준<br> 구매금액 30만원 이상 또는 주문건수 12회 이상이신 고객님들이 해당됩니다.",default,seq
223,0_0,"<font style=\""color:red\"">프리미엄</font> 등급 회원님만을 위한 혜택으로<br>1) 밴드/쿨밴드 장바구니 3천원 할인쿠폰 2장<br>2) 동원제품 장바구니 15% 할인쿠폰 2장<br>3) 무료배송쿠폰 1장<br> 총 5장의 쿠폰 혜택을 매월 드립니다♡",default,seq
223,0_1,"더욱 자세한 사항을 원하시면 아래의 버튼을 클릭하세요!<br> 동원몰 회원혜택에 대한 상세 안내페이지로 이동합니다.<br><br><a href='javascript:window.parent.postMessage(\""http://www.dongwonmall.com/benefit/member.do\"",\""*\"")'>\n<button class=\""ext_btn\"" type=\""button\"">등급별 회원혜택 보러가기</button></a>",default,END
224,0,"고객님 <font style=""color:red"">프리미엄</font> 등급은<br> 최근 3개월 기준<br> 구매금액 30만원 이상 또는 주문건수 12회 이상이신 고객님들이 해당됩니다.",default,END
225,0,"고객님 <font style=""color:black"">패밀리</font> 등급은<br> 최근 3개월 기준<br> 구매금액 3만원 미만이신 고객님들이 해당됩니다.",default,seq
225,0_0,"<font style=\""color:black\"">패밀리</font> 등급 회원님만을 위한 혜택으로 밴드/쿨밴드 장바구니 2천원 할인쿠폰 1장을 매월 드립니다♡",default,seq
225,0_1,"더욱 자세한 사항을 원하시면 아래의 버튼을 클릭하세요!<br> 동원몰 회원혜택에 대한 상세 안내페이지로 이동합니다.<br><br><a href='javascript:window.parent.postMessage(\""http://www.dongwonmall.com/benefit/member.do\"",\""*\"")'>\n<button class=\""ext_btn\"" type=\""button\"">등급별 회원혜택 보러가기</button></a>",default,END
226,0,고객님 불편을 드려 죄송합니다.<br>F&B 온라인사업부 복지포인트 담당자에게 문의 부탁드립니다. 감사합니다.,default,END
227,0,고객님! 동원몰 제휴 택배사는 CJ대한통운입니다.,default,END
228,0,"고객님~ 참치통조림의 액상은 종류에 따라 포도씨유, 카놀라유, 면실유, 해바라기유, 올리브유 등의 식물성 기름과 야채즙(당근, 양파 등의 액즙), 정제수로 이루어져 있습니다!<br>요리에 참치육과 함께 넣어서 드시면 더욱 맛있답니다 ^^",default,END
229,0,"고객님 <font style=""color:blue"">VIP</font> 등급은<br> 최근 3개월 기준<br> 구매금액 10만원 이상 30만원 미만이신 고객님들이 해당됩니다.",default,END
230,0,고객님 대량구매 원하시나요?<br> GNC 선물세트 대량구매 상담은<br> 02-589-3944 로 문의해주세요<br> 감사합니다!,default,END
231,0,고객님! 양반 명품김치 상품권은<br>동원 양반김치가 조상의 지혜를 되살려 깊이와 품격을 더해 최상급 재료로 만든 프리미엄 김치 상품권입니다.<br><br>양반 명품김치 상품권을 먼저 등록하신 후 명품김치를 주문하실 수 있습니다!,default,seq
231,0_0,"등록 페이지로 바로 이동을 원하시는 분께서는 아래 버튼을 클릭해주세요!<br>해당 페이지로 이동합니다~<br><button class=\""ext_btn\""><a href=\""javascript:window.parent.postMessage('http://www.dongwonmall.com/kimchi/order/form.do','*')\"">양반 명품 김치상품권 등록하기</a></button>",default,END
232,0,임직원 사번까지 인증을 마치셔야 복지 포인트가 지급됩니다.,default,seq
232,0_0,고객님 임직원 인증은 동원몰 홈페이지 상단 'MY동원몰'<br>클릭하신 후 좌측 메뉴 하단의 '회원정보 관리' → '개인정보변경' 을 클릭하시면 됩니다.,default,seq
232,0_1,"개인정보변경' 페이지 이동 후<br>맨 하단 '동원 임직원정보 입력' 란의 소속사를 선택하시고, 사번까지 입력하신 후 [임직원 인증] 버튼을 누르시면 완료됩니다.",default,END
233,0,"고객님~ 걱정마세요!<br>현재 쎈쿡에 사용중인 용기는 식품위생법상 적합한 용기로, 식품에 일반적으로 많이 사용되는 폴리프로필렌(PP) 재질을 사용하고 있습니다.",default,seq
233,0_0,더불어 주기적으로 안전성 분석을 하고 있지요<br>환경 호르몬이 검출되지 않으니 걱정말고 쎈쿡 많이~ 사랑해주세요♡,default,END
234,0,고객님~ 리챔을 개봉하였는데도 내용물이 잘 나오지 않는 경우가 있으시죠?<br>돼지고기의 기름성분이 캔 안쪽 바닥 면과 붙어있는 경우에 그럴 수 있습니다.,default,seq
234,0_0,미지근한 물에 잠깐 넣어둔 후 꺼내시거나 캔의 대각선 모서리부분을 힘으로 살짝 눌러주신 후 꺼내시면 보다 쉽게 이용하실 수 있답니다~,default,END
235,0,"고객님 <font style=""color:gold"">골드</font> 등급은<br> 최근 3개월 기준<br> 구매금액 3만원 이상 10만원 미만이신 고객님들이 해당됩니다.",default,END
236,0,"고객님 <font style=""color:blue"">VIP</font> 등급은<br> 최근 3개월 기준<br> 구매금액 10만원 이상 30만원 미만이신 고객님들이 해당됩니다.",default,seq
236,0_0,"<font style=\""color:blue\"">VIP</font> 등급 회원님만을 위한 혜택으로<br>1) 밴드/쿨밴드 장바구니 2천원 할인쿠폰 2장<br>2) 동원제품 장바구니 15% 할인쿠폰 1장<br>총 3장의 쿠폰 혜택을 매월 드립니다♡",default,seq
236,0_0,"더욱 자세한 사항을 원하시면 아래의 버튼을 클릭하세요!<br> 동원몰 회원혜택에 대한 상세 안내페이지로 이동합니다.<br><br><a href='javascript:window.parent.postMessage(\""http://www.dongwonmall.com/benefit/member.do\"",\""*\"")'>\n<button class=\""ext_btn\"" type=\""button\"">등급별 회원혜택 보러가기</button></a>",default,END
237,0,"고객님 <font style=""color:black"">패밀리</font> 등급은<br> 최근 3개월 기준<br> 구매금액 3만원 미만이신 고객님들이 해당됩니다.",default,END
238,0,고객님 대량구매 원하시나요?<br> 천지인 선물세트 대량구매 상담은<br> 02-589-3944 로 문의해주세요<br> 감사합니다!,default,END
239,0,동원몰 회원가입 어렵지 않아요~,default,seq
239,0_0,"① 홈페이지 상단의 회원가입을 클릭하시거나 아래의 버튼을 클릭하세요!<br> 회원가입 페이지로 이동합니다.<br><br><a href=\""javascript:window.parent.postMessage('https://www.dongwonmall.com/member/join/step1.do','*')\""><button class=\""ext_btn\"" type=\""button\"">동원몰 회원가입 하러가기</button></a>",default,seq
239,0_1,"② 본인인증이 필요합니다.<br>본인 명의의 휴대폰 인증을 해주세요.<br>※ 14세 이상 19세 미만의 청소년은 동원몰 회원에 가입할 수 있으나, 상거래 활동과 혜택을 받을 수 없습니다. 단, 14세 미만의 아동은 동원몰에 가입할 수 없습니다.<br><br>③ 연락처, 메일, 주소 등 정보를 입력해주세요. 동원몰에서 쇼핑하실 때 꼭 필요한 정보이니 정확하게 입력 부탁드립니다.<br><br>④ 정보 입력을 마치셨으면 약관과 선택항목에 동의해주세요.<br><br>⑤ 가입완료!!!<br>어떠세요? 정말 간단하죠~<br>이렇게 회원가입을 마치시면 고객님도 동원몰 가족♡",default,seq
239,0_2,"지금 바로 가입하시겠어요?<br><button class=\""dial_btn f\"">네</button>\n<button class=\""dial_btn\"">아니오</button>",default,YNO
239,0_2-Y,"역시 현명한 선택!<br> 맛있고 건강한 동원몰과 오래오래 함께해요~<br> 아래의 버튼을 클릭하시면 회원가입 페이지로 연결됩니다.<br><br><a href=\""javascript:window.parent.postMessage('https://www.dongwonmall.com/member/join/step1.do','*')\""><button class=\""ext_btn\"" type=\""button\"">동원몰 회원가입 하러가기</button></a>",default,END
239,0_2-A,회원이시군요! 감사합니다.<br>앞으로도 동원몰 많이 사랑해주세요~,default,END
239,0_2-B,"정말요? 동원몰 회원님들께 드리는 혜택이 정말 많은데! 아쉽네요...<br>신규회원님께는 쇼핑지원금 2천원 + 동원상품 10% 할인쿠폰을 드리구요~ <br>첫 구매하시면 10% 할인 슈퍼쿠폰을 또 드려요~ <br>다시 한 번 생각해보시면 어떨까요? ^_^<br><button class=\""dial_btn f\"">가입할래요</button>\n<button class=\""dial_btn\"">가입 안할래요</button>",default,YNO
239,0_2-B-Y,,default,seq
239,0_2-B-Y_0,"역시 현명한 선택!<br> 맛있고 건강한 동원몰과 오래오래 함께해요~<br> 아래의 버튼을 클릭하시면 회원가입 페이지로 연결됩니다.<br><br><a href=\""javascript:window.parent.postMessage('https://www.dongwonmall.com/member/join/step1.do','*')\""><button class=\""ext_btn\"" type=\""button\"">동원몰 회원가입 하러가기</button></a>",default,END
239,0_2-B-N,아쉽지만 알겠습니다.<br>다른 도움이 필요하시다면 저에게 말씀해주세요~,default,END
239,0_2-B-O,다른 도움이 필요하신가요? 저에게 질문해주세요!,default,BACK
239,0_2-O,다른 도움이 필요하신가요? 저에게 질문해주세요!,default,BACK
240,0,고객님~ 제품의 표면에 하얀 가루가 붙어있는 경우는 제품 원료인 고구마의 당분성분이 수분제거로 인해 외부로 용출되는 자연적인 현상이므로 걱정하지 마세요^_^<br>간혹 검은 점 등을 발견하실 수도 있지만 이는 고구마 표피층 또는 섬유질 조직이랍니다.<br>안심하시고! 드셔도 됩니다~,default,seq
240,0_0,"다만,  포장이 훼손되거나 파손이 있는 경우 제품의 변질이 있을 수 있으므로 취식하지 마시고 구입처 또는 제조원에 문의하시기 바랍니다.<br>일체의 첨가물이나 보존료 없이 국산 고구마 100%만을 사용하여 만든 제품이므로 개봉 후 곰팡이가 발생할 수도 있습니다.",default,END
241,0,가짜 백수오 논란에 고객님 걱정이 많으실 것 같아요~<br>동원 천지인 '홍삼이 들어가 건강한 백수오' 제품에 들어가는 백수오 복합농축액은 경북 영주에서 재배가 되고 있는 백수오를 주원료로 사용하고 있습니다.,default,seq
241,0_0,백수오 진위여부를 확인하기 위해 2014년 10월에 고시된 식품의약품안전처 고시 제2014-173호의 백수오 확인시험에 따라 Solgent 업체를 통해 실험을 진행하였고 그 결과 백수오 복합농축액의 원료는 유사원료인 이엽우피소가 아니라 백수오로 확인되었습니다.<br>따라서 안심하시고! 이용하셔도 됩니다 ^_^,default,END
242,0,"고객님 1~3만원 미만 추천 선물세트입니다!<br>아래의 버튼을 누르시면 행사 페이지로 이동합니다!<a href='javascript:window.parent.postMessage(""http://www.dongwonmall.com/display/plan.do?seq=00000001600#planshopList2"",""*"")'><button class=""ext_btn"" type=""button"">1~3만원 미만 추천 선물세트 보러 가기!</button>",default,END
243,0,"등푸른생선(참치, 고등어, 꽁치 등)은 고단백 식품으로 DHA, EPA 등의 오메가 지방산이 다량 함유되어 혈액순환 개선효과와 어린이 두뇌발달에 도움을 주고, 비타민과 셀레늄 함량이 높아 어린이 성장발달에 중요한 식재료랍니다!",default,seq
243,0_0,"다만, 메틸수은 함량이 높은 생선을 임신 중에 너무 많이 섭취하게 되면 태아의 신경계발달에 영향을 줄 가능성에 대한 연구자료로 인해 생선의 섭취를 주의해야 한다는 내용이 이슈가 되었습니다.<br>고객님께서 궁금해하시는 참치통조림(가다랑어)의 메틸수은 함량은 고등어, 꽁치, 광어, 명태 등의 일반어류와 같이 메틸수은 함량이 낮은 수준이죠~",default,seq
243,0_1,2015년 2월 식품의약품안전처에서는 임신 기간 중 참치통조림 및 일반어류는 일주일에 400g이하 섭취가 적당하다고 권고하였답니다!<br>동원참치 적정량 섭취하셔서 우리 아이 건강하고 튼튼하게 키우자구요♡,default,END
244,0,"고객님 3~5만원 미만 추천 선물세트입니다!<br>아래의 버튼을 누르시면 행사 페이지로 이동합니다!<a href='javascript:window.parent.postMessage(""http://www.dongwonmall.com/display/plan.do?seq=00000001600#planshopList3"",""*"")'><button class=""ext_btn"" type=""button"">3~5만원 미만 추천 선물세트 보러 가기!</button>",default,END
245,0,"고객님 5만원 이상 추천 선물세트입니다!<br>아래의 버튼을 누르시면 행사 페이지로 이동합니다!<a href='javascript:window.parent.postMessage(""http://www.dongwonmall.com/display/plan.do?seq=00000001600#planshopList3"",""*"")'><button class=""ext_btn"" type=""button"">5만원 이상 추천 선물세트 보러 가기!</button>",default,END
246,0,"홍삼은 성인 뿐 아니라 어린이의 면역력 증진과 원기회복에 도움을 줍니다^ㅇ^<br>아무것도 넣지 않고 뿌리 삼을 100% 그대로 달여 만든 순수 홍삼은 생후 12개월 이후부터 섭취할 수 있으며, 가공한 홍삼제품은 소화기관이 발달하는 생후 24개월 이후부터 섭취하는 것이 좋습니다.",default,END
247,0,"고객님 <font style=""color:gold"">골드</font> 등급은<br> 최근 3개월 기준<br> 구매금액 3만원 이상 10만원 미만이신 고객님들이 해당됩니다.",default,seq
247,0_0,"<font style=\""color:gold\"">골드</font> 등급 회원님만을 위한 혜택으로<br>1) 밴드/쿨밴드 장바구니 2천원 할인쿠폰 1장<br>2) 동원제품 장바구니 15% 할인쿠폰 1장<br>2장의 쿠폰 혜택을 매월 드립니다♡",default,seq
247,0_1,"더욱 자세한 사항을 원하시면 아래의 버튼을 클릭하세요!<br> 동원몰 회원혜택에 대한 상세 안내페이지로 이동합니다.<br><br><a href='javascript:window.parent.postMessage(\""http://www.dongwonmall.com/benefit/member.do\"",\""*\"")'>\n<button class=\""ext_btn\"" type=\""button\"">등급별 회원혜택 보러가기</button></a>",default,END
248,0,"정말요? 동원몰 회원님들께 드리는 혜택이 정말 많은데! 아쉽네요...<br>신규회원님께는 쇼핑지원금 2천원 + 동원상품 10% 할인쿠폰을 드리구요~ <br>첫 구매하시면 10% 할인 슈퍼쿠폰을 또 드려요~ <br>다시 한 번 생각해보시면 어떨까요? ^_^<br><button class=""dial_btn f"">가입할래요</button>
<button class=""dial_btn"">가입 안할래요</button>",default,END
249,0,고객님 오늘 화나는 일이라도 있으셨어요? <br>제가 도와드릴 수 있는 일이라면 최선을 다해 도와드릴게요~ 화 푸세요~,default,END
249,0,고객님 그렇게 말씀하시니 너무 무서워요~ <br>우리 서로 예쁜 말만 사용하면 어떨까요?,default,END
250,0,회원이시군요! 감사합니다.<br>앞으로도 동원몰 많이 사랑해주세요~,default,END
250,0,회원이시군요! 감사합니다.<br>앞으로도 동원몰 많이 사랑해주세요~,default,END
